2023/02/26 11:17:05.046, 2, GPU-37339203-98eb-eb9b-69fb-80eda424e7a1, 0, 46080, 27, 45529, 0, 0, 28, P8
2023/02/26 11:17:10.062, 2, GPU-37339203-98eb-eb9b-69fb-80eda424e7a1, 0, 46080, 27, 45529, 0, 0, 28, P8
2023/02/26 11:17:15.076, 2, GPU-37339203-98eb-eb9b-69fb-80eda424e7a1, 0, 46080, 27, 45529, 0, 0, 28, P8
2023/02/26 11:17:20.089, 2, GPU-37339203-98eb-eb9b-69fb-80eda424e7a1, 0, 46080, 27, 45529, 0, 0, 28, P8
2023/02/26 11:17:25.103, 2, GPU-37339203-98eb-eb9b-69fb-80eda424e7a1, 0, 46080, 27, 45529, 0, 0, 28, P8
2023/02/26 11:17:30.117, 2, GPU-37339203-98eb-eb9b-69fb-80eda424e7a1, 0, 46080, 27, 45529, 0, 0, 28, P8
2023/02/26 11:17:35.131, 2, GPU-37339203-98eb-eb9b-69fb-80eda424e7a1, 0, 46080, 27, 45529, 0, 0, 28, P8
2023/02/26 11:17:40.144, 2, GPU-37339203-98eb-eb9b-69fb-80eda424e7a1, 0, 46080, 27, 45529, 0, 0, 28, P8
2023/02/26 11:17:45.157, 2, GPU-37339203-98eb-eb9b-69fb-80eda424e7a1, 0, 46080, 27, 45529, 0, 0, 28, P8
2023/02/26 11:17:50.171, 2, GPU-37339203-98eb-eb9b-69fb-80eda424e7a1, 0, 46080, 27, 45529, 0, 0, 28, P8
2023/02/26 11:17:55.184, 2, GPU-37339203-98eb-eb9b-69fb-80eda424e7a1, 0, 46080, 27, 45529, 0, 0, 28, P8
2023/02/26 11:18:00.198, 2, GPU-37339203-98eb-eb9b-69fb-80eda424e7a1, 0, 46080, 27, 45529, 0, 0, 28, P8
2023/02/26 11:18:05.211, 2, GPU-37339203-98eb-eb9b-69fb-80eda424e7a1, 0, 46080, 27, 45529, 0, 0, 28, P8
2023/02/26 11:18:10.225, 2, GPU-37339203-98eb-eb9b-69fb-80eda424e7a1, 0, 46080, 27, 45529, 0, 0, 28, P8
2023/02/26 11:18:15.238, 2, GPU-37339203-98eb-eb9b-69fb-80eda424e7a1, 0, 46080, 27, 45529, 0, 0, 28, P8
2023/02/26 11:18:20.252, 2, GPU-37339203-98eb-eb9b-69fb-80eda424e7a1, 0, 46080, 27, 45529, 0, 0, 28, P8
2023/02/26 11:18:25.265, 2, GPU-37339203-98eb-eb9b-69fb-80eda424e7a1, 0, 46080, 27, 45529, 0, 0, 28, P8
2023/02/26 11:18:30.279, 2, GPU-37339203-98eb-eb9b-69fb-80eda424e7a1, 0, 46080, 27, 45529, 0, 0, 28, P8
2023/02/26 11:18:35.291, 2, GPU-37339203-98eb-eb9b-69fb-80eda424e7a1, 0, 46080, 27, 45529, 0, 0, 28, P8
2023/02/26 11:18:40.305, 2, GPU-37339203-98eb-eb9b-69fb-80eda424e7a1, 0, 46080, 27, 45529, 0, 0, 28, P8
2023/02/26 11:18:45.318, 2, GPU-37339203-98eb-eb9b-69fb-80eda424e7a1, 0, 46080, 27, 45529, 0, 0, 28, P8
2023/02/26 11:18:50.332, 2, GPU-37339203-98eb-eb9b-69fb-80eda424e7a1, 0, 46080, 27, 45529, 0, 0, 28, P8
2023/02/26 11:18:55.346, 2, GPU-37339203-98eb-eb9b-69fb-80eda424e7a1, 0, 46080, 27, 45529, 0, 0, 28, P8
2023/02/26 11:19:00.359, 2, GPU-37339203-98eb-eb9b-69fb-80eda424e7a1, 0, 46080, 27, 45529, 0, 0, 28, P8
2023/02/26 11:19:05.374, 2, GPU-37339203-98eb-eb9b-69fb-80eda424e7a1, 0, 46080, 27, 45529, 0, 0, 28, P8
2023/02/26 11:19:10.387, 2, GPU-37339203-98eb-eb9b-69fb-80eda424e7a1, 0, 46080, 27, 45529, 0, 0, 28, P8
2023/02/26 11:19:15.401, 2, GPU-37339203-98eb-eb9b-69fb-80eda424e7a1, 0, 46080, 27, 45529, 0, 0, 28, P8
2023/02/26 11:19:20.414, 2, GPU-37339203-98eb-eb9b-69fb-80eda424e7a1, 0, 46080, 27, 45529, 0, 0, 28, P8
2023/02/26 11:19:25.426, 2, GPU-37339203-98eb-eb9b-69fb-80eda424e7a1, 0, 46080, 27, 45529, 0, 0, 28, P8
2023/02/26 11:19:30.439, 2, GPU-37339203-98eb-eb9b-69fb-80eda424e7a1, 0, 46080, 27, 45529, 0, 0, 28, P8
2023/02/26 11:19:35.453, 2, GPU-37339203-98eb-eb9b-69fb-80eda424e7a1, 0, 46080, 27, 45529, 0, 0, 28, P8
2023/02/26 11:19:40.467, 2, GPU-37339203-98eb-eb9b-69fb-80eda424e7a1, 0, 46080, 27, 45529, 0, 0, 28, P8
2023/02/26 11:19:45.481, 2, GPU-37339203-98eb-eb9b-69fb-80eda424e7a1, 0, 46080, 27, 45529, 0, 0, 28, P8
2023/02/26 11:19:50.494, 2, GPU-37339203-98eb-eb9b-69fb-80eda424e7a1, 0, 46080, 27, 45529, 0, 0, 28, P8
2023/02/26 11:19:55.508, 2, GPU-37339203-98eb-eb9b-69fb-80eda424e7a1, 1, 46080, 291, 45265, 0, 1, 29, P0
2023/02/26 11:20:00.522, 2, GPU-37339203-98eb-eb9b-69fb-80eda424e7a1, 1, 46080, 863, 44693, 0, 1, 30, P0
2023/02/26 11:20:05.535, 2, GPU-37339203-98eb-eb9b-69fb-80eda424e7a1, 26, 46080, 1239, 44317, 2, 26, 30, P0
2023/02/26 11:20:10.549, 2, GPU-37339203-98eb-eb9b-69fb-80eda424e7a1, 87, 46080, 2155, 43401, 60, 87, 37, P0
2023/02/26 11:20:15.562, 2, GPU-37339203-98eb-eb9b-69fb-80eda424e7a1, 84, 46080, 2155, 43401, 56, 84, 40, P0
2023/02/26 11:20:20.577, 2, GPU-37339203-98eb-eb9b-69fb-80eda424e7a1, 88, 46080, 2155, 43401, 59, 88, 43, P0
2023/02/26 11:20:25.591, 2, GPU-37339203-98eb-eb9b-69fb-80eda424e7a1, 80, 46080, 2155, 43401, 53, 80, 45, P0
2023/02/26 11:20:30.605, 2, GPU-37339203-98eb-eb9b-69fb-80eda424e7a1, 81, 46080, 2155, 43401, 53, 81, 47, P0
2023/02/26 11:20:35.618, 2, GPU-37339203-98eb-eb9b-69fb-80eda424e7a1, 80, 46080, 2155, 43401, 54, 80, 49, P0
2023/02/26 11:20:40.633, 2, GPU-37339203-98eb-eb9b-69fb-80eda424e7a1, 90, 46080, 2155, 43401, 59, 90, 50, P0
2023/02/26 11:20:45.647, 2, GPU-37339203-98eb-eb9b-69fb-80eda424e7a1, 86, 46080, 2155, 43401, 59, 86, 51, P0
2023/02/26 11:20:50.661, 2, GPU-37339203-98eb-eb9b-69fb-80eda424e7a1, 90, 46080, 2155, 43401, 61, 90, 53, P0
2023/02/26 11:20:55.675, 2, GPU-37339203-98eb-eb9b-69fb-80eda424e7a1, 88, 46080, 2155, 43401, 60, 88, 54, P0
2023/02/26 11:21:00.690, 2, GPU-37339203-98eb-eb9b-69fb-80eda424e7a1, 85, 46080, 2155, 43401, 56, 85, 55, P0
2023/02/26 11:21:05.704, 2, GPU-37339203-98eb-eb9b-69fb-80eda424e7a1, 89, 46080, 2155, 43401, 61, 89, 56, P0
2023/02/26 11:21:10.718, 2, GPU-37339203-98eb-eb9b-69fb-80eda424e7a1, 90, 46080, 2155, 43401, 61, 90, 56, P0
2023/02/26 11:21:15.733, 2, GPU-37339203-98eb-eb9b-69fb-80eda424e7a1, 89, 46080, 2155, 43401, 61, 89, 58, P0
2023/02/26 11:21:20.747, 2, GPU-37339203-98eb-eb9b-69fb-80eda424e7a1, 87, 46080, 2155, 43401, 58, 87, 58, P0
2023/02/26 11:21:25.761, 2, GPU-37339203-98eb-eb9b-69fb-80eda424e7a1, 89, 46080, 2155, 43401, 60, 89, 59, P0
2023/02/26 11:21:30.775, 2, GPU-37339203-98eb-eb9b-69fb-80eda424e7a1, 85, 46080, 2155, 43401, 56, 85, 58, P0
2023/02/26 11:21:35.789, 2, GPU-37339203-98eb-eb9b-69fb-80eda424e7a1, 89, 46080, 2155, 43401, 60, 89, 60, P0
2023/02/26 11:21:40.803, 2, GPU-37339203-98eb-eb9b-69fb-80eda424e7a1, 87, 46080, 2155, 43401, 61, 87, 60, P0
2023/02/26 11:21:45.817, 2, GPU-37339203-98eb-eb9b-69fb-80eda424e7a1, 87, 46080, 2155, 43401, 57, 87, 61, P0
2023/02/26 11:21:50.831, 2, GPU-37339203-98eb-eb9b-69fb-80eda424e7a1, 89, 46080, 2155, 43401, 59, 89, 61, P0
2023/02/26 11:21:55.844, 2, GPU-37339203-98eb-eb9b-69fb-80eda424e7a1, 84, 46080, 2155, 43401, 55, 84, 61, P0
2023/02/26 11:22:00.858, 2, GPU-37339203-98eb-eb9b-69fb-80eda424e7a1, 89, 46080, 2155, 43401, 60, 89, 61, P0
2023/02/26 11:22:05.873, 2, GPU-37339203-98eb-eb9b-69fb-80eda424e7a1, 86, 46080, 2155, 43401, 58, 86, 61, P0
2023/02/26 11:22:10.887, 2, GPU-37339203-98eb-eb9b-69fb-80eda424e7a1, 89, 46080, 2155, 43401, 60, 89, 62, P0
2023/02/26 11:22:15.901, 2, GPU-37339203-98eb-eb9b-69fb-80eda424e7a1, 88, 46080, 2155, 43401, 60, 88, 62, P0
2023/02/26 11:22:20.915, 2, GPU-37339203-98eb-eb9b-69fb-80eda424e7a1, 87, 46080, 2155, 43401, 56, 87, 61, P0
2023/02/26 11:22:25.930, 2, GPU-37339203-98eb-eb9b-69fb-80eda424e7a1, 89, 46080, 2155, 43401, 62, 89, 62, P0
2023/02/26 11:22:30.943, 2, GPU-37339203-98eb-eb9b-69fb-80eda424e7a1, 86, 46080, 2155, 43401, 57, 86, 62, P0
2023/02/26 11:22:35.958, 2, GPU-37339203-98eb-eb9b-69fb-80eda424e7a1, 90, 46080, 2155, 43401, 62, 90, 62, P0
2023/02/26 11:22:40.972, 2, GPU-37339203-98eb-eb9b-69fb-80eda424e7a1, 87, 46080, 2155, 43401, 57, 87, 63, P0
2023/02/26 11:22:45.986, 2, GPU-37339203-98eb-eb9b-69fb-80eda424e7a1, 90, 46080, 2155, 43401, 63, 90, 63, P0
2023/02/26 11:22:51.000, 2, GPU-37339203-98eb-eb9b-69fb-80eda424e7a1, 89, 46080, 2155, 43401, 58, 89, 62, P0
2023/02/26 11:22:56.014, 2, GPU-37339203-98eb-eb9b-69fb-80eda424e7a1, 88, 46080, 2155, 43401, 59, 88, 63, P0
2023/02/26 11:23:01.028, 2, GPU-37339203-98eb-eb9b-69fb-80eda424e7a1, 89, 46080, 2155, 43401, 60, 89, 63, P0
2023/02/26 11:23:06.043, 2, GPU-37339203-98eb-eb9b-69fb-80eda424e7a1, 86, 46080, 2155, 43401, 58, 86, 63, P0
2023/02/26 11:23:11.057, 2, GPU-37339203-98eb-eb9b-69fb-80eda424e7a1, 89, 46080, 2155, 43401, 60, 89, 62, P0
2023/02/26 11:23:16.071, 2, GPU-37339203-98eb-eb9b-69fb-80eda424e7a1, 87, 46080, 2155, 43401, 59, 87, 64, P0
2023/02/26 11:23:21.085, 2, GPU-37339203-98eb-eb9b-69fb-80eda424e7a1, 88, 46080, 2155, 43401, 58, 88, 64, P0
2023/02/26 11:23:26.099, 2, GPU-37339203-98eb-eb9b-69fb-80eda424e7a1, 86, 46080, 2155, 43401, 56, 86, 64, P0
2023/02/26 11:23:31.112, 2, GPU-37339203-98eb-eb9b-69fb-80eda424e7a1, 86, 46080, 2155, 43401, 57, 86, 63, P0
2023/02/26 11:23:36.126, 2, GPU-37339203-98eb-eb9b-69fb-80eda424e7a1, 82, 46080, 2155, 43401, 53, 82, 64, P0
2023/02/26 11:23:41.140, 2, GPU-37339203-98eb-eb9b-69fb-80eda424e7a1, 87, 46080, 2155, 43401, 59, 87, 64, P0
2023/02/26 11:23:46.155, 2, GPU-37339203-98eb-eb9b-69fb-80eda424e7a1, 87, 46080, 2155, 43401, 58, 87, 64, P0
2023/02/26 11:23:51.169, 2, GPU-37339203-98eb-eb9b-69fb-80eda424e7a1, 89, 46080, 2155, 43401, 62, 89, 64, P0
2023/02/26 11:23:56.182, 2, GPU-37339203-98eb-eb9b-69fb-80eda424e7a1, 86, 46080, 2155, 43401, 57, 86, 64, P0
2023/02/26 11:24:01.196, 2, GPU-37339203-98eb-eb9b-69fb-80eda424e7a1, 88, 46080, 2155, 43401, 58, 88, 64, P0
2023/02/26 11:24:06.210, 2, GPU-37339203-98eb-eb9b-69fb-80eda424e7a1, 87, 46080, 2155, 43401, 59, 87, 64, P0
2023/02/26 11:24:11.224, 2, GPU-37339203-98eb-eb9b-69fb-80eda424e7a1, 81, 46080, 2155, 43401, 53, 81, 63, P0
2023/02/26 11:24:16.238, 2, GPU-37339203-98eb-eb9b-69fb-80eda424e7a1, 90, 46080, 2155, 43401, 62, 90, 62, P0
2023/02/26 11:24:21.253, 2, GPU-37339203-98eb-eb9b-69fb-80eda424e7a1, 86, 46080, 2155, 43401, 59, 86, 63, P0
2023/02/26 11:24:26.267, 2, GPU-37339203-98eb-eb9b-69fb-80eda424e7a1, 90, 46080, 2155, 43401, 60, 90, 63, P0
2023/02/26 11:24:31.280, 2, GPU-37339203-98eb-eb9b-69fb-80eda424e7a1, 88, 46080, 2155, 43401, 61, 88, 63, P0
2023/02/26 11:24:36.294, 2, GPU-37339203-98eb-eb9b-69fb-80eda424e7a1, 86, 46080, 2155, 43401, 57, 86, 61, P0
2023/02/26 11:24:41.308, 2, GPU-37339203-98eb-eb9b-69fb-80eda424e7a1, 88, 46080, 2155, 43401, 59, 88, 63, P0
2023/02/26 11:24:46.323, 2, GPU-37339203-98eb-eb9b-69fb-80eda424e7a1, 89, 46080, 2155, 43401, 60, 89, 63, P0
2023/02/26 11:24:51.338, 2, GPU-37339203-98eb-eb9b-69fb-80eda424e7a1, 85, 46080, 2155, 43401, 56, 85, 63, P0
2023/02/26 11:24:56.352, 2, GPU-37339203-98eb-eb9b-69fb-80eda424e7a1, 89, 46080, 2155, 43401, 60, 89, 63, P0
2023/02/26 11:25:01.366, 2, GPU-37339203-98eb-eb9b-69fb-80eda424e7a1, 89, 46080, 2155, 43401, 60, 89, 63, P0
2023/02/26 11:25:06.380, 2, GPU-37339203-98eb-eb9b-69fb-80eda424e7a1, 89, 46080, 2155, 43401, 61, 89, 64, P0
2023/02/26 11:25:11.395, 2, GPU-37339203-98eb-eb9b-69fb-80eda424e7a1, 90, 46080, 2155, 43401, 61, 90, 64, P0
2023/02/26 11:25:16.409, 2, GPU-37339203-98eb-eb9b-69fb-80eda424e7a1, 88, 46080, 2155, 43401, 59, 88, 63, P0
2023/02/26 11:25:21.423, 2, GPU-37339203-98eb-eb9b-69fb-80eda424e7a1, 82, 46080, 2155, 43401, 53, 82, 64, P0
2023/02/26 11:25:26.437, 2, GPU-37339203-98eb-eb9b-69fb-80eda424e7a1, 90, 46080, 2155, 43401, 60, 90, 63, P0
2023/02/26 11:25:31.451, 2, GPU-37339203-98eb-eb9b-69fb-80eda424e7a1, 90, 46080, 2155, 43401, 60, 90, 63, P0
2023/02/26 11:25:36.465, 2, GPU-37339203-98eb-eb9b-69fb-80eda424e7a1, 91, 46080, 2155, 43401, 61, 91, 63, P0
2023/02/26 11:25:41.480, 2, GPU-37339203-98eb-eb9b-69fb-80eda424e7a1, 81, 46080, 2155, 43401, 53, 81, 63, P0
2023/02/26 11:25:46.494, 2, GPU-37339203-98eb-eb9b-69fb-80eda424e7a1, 89, 46080, 2155, 43401, 60, 89, 64, P0
2023/02/26 11:25:51.509, 2, GPU-37339203-98eb-eb9b-69fb-80eda424e7a1, 90, 46080, 2155, 43401, 60, 90, 63, P0
2023/02/26 11:25:56.523, 2, GPU-37339203-98eb-eb9b-69fb-80eda424e7a1, 91, 46080, 2155, 43401, 62, 91, 63, P0
2023/02/26 11:26:01.538, 2, GPU-37339203-98eb-eb9b-69fb-80eda424e7a1, 86, 46080, 2155, 43401, 55, 86, 63, P0
2023/02/26 11:26:06.553, 2, GPU-37339203-98eb-eb9b-69fb-80eda424e7a1, 88, 46080, 2155, 43401, 58, 88, 63, P0
2023/02/26 11:26:11.567, 2, GPU-37339203-98eb-eb9b-69fb-80eda424e7a1, 90, 46080, 2155, 43401, 60, 90, 63, P0
2023/02/26 11:26:16.581, 2, GPU-37339203-98eb-eb9b-69fb-80eda424e7a1, 90, 46080, 2155, 43401, 62, 90, 63, P0
2023/02/26 11:26:21.596, 2, GPU-37339203-98eb-eb9b-69fb-80eda424e7a1, 89, 46080, 2155, 43401, 62, 89, 63, P0
2023/02/26 11:26:26.610, 2, GPU-37339203-98eb-eb9b-69fb-80eda424e7a1, 85, 46080, 2155, 43401, 55, 85, 63, P0
2023/02/26 11:26:31.624, 2, GPU-37339203-98eb-eb9b-69fb-80eda424e7a1, 91, 46080, 2155, 43401, 61, 91, 64, P0
2023/02/26 11:26:36.638, 2, GPU-37339203-98eb-eb9b-69fb-80eda424e7a1, 89, 46080, 2155, 43401, 62, 89, 63, P0
2023/02/26 11:26:41.652, 2, GPU-37339203-98eb-eb9b-69fb-80eda424e7a1, 89, 46080, 2155, 43401, 60, 89, 63, P0
2023/02/26 11:26:46.666, 2, GPU-37339203-98eb-eb9b-69fb-80eda424e7a1, 81, 46080, 2155, 43401, 53, 81, 63, P0
2023/02/26 11:26:51.681, 2, GPU-37339203-98eb-eb9b-69fb-80eda424e7a1, 89, 46080, 2155, 43401, 60, 89, 63, P0
2023/02/26 11:26:56.696, 2, GPU-37339203-98eb-eb9b-69fb-80eda424e7a1, 86, 46080, 2155, 43401, 58, 86, 63, P0
2023/02/26 11:27:01.710, 2, GPU-37339203-98eb-eb9b-69fb-80eda424e7a1, 88, 46080, 2155, 43401, 61, 88, 63, P0
2023/02/26 11:27:06.724, 2, GPU-37339203-98eb-eb9b-69fb-80eda424e7a1, 82, 46080, 2155, 43401, 54, 82, 63, P0
2023/02/26 11:27:11.738, 2, GPU-37339203-98eb-eb9b-69fb-80eda424e7a1, 89, 46080, 2155, 43401, 60, 89, 63, P0
2023/02/26 11:27:16.753, 2, GPU-37339203-98eb-eb9b-69fb-80eda424e7a1, 87, 46080, 2155, 43401, 57, 87, 63, P0
2023/02/26 11:27:21.767, 2, GPU-37339203-98eb-eb9b-69fb-80eda424e7a1, 88, 46080, 2155, 43401, 61, 88, 64, P0
2023/02/26 11:27:26.781, 2, GPU-37339203-98eb-eb9b-69fb-80eda424e7a1, 90, 46080, 2155, 43401, 60, 90, 63, P0
2023/02/26 11:27:31.796, 2, GPU-37339203-98eb-eb9b-69fb-80eda424e7a1, 91, 46080, 2155, 43401, 62, 91, 63, P0
2023/02/26 11:27:36.810, 2, GPU-37339203-98eb-eb9b-69fb-80eda424e7a1, 81, 46080, 2155, 43401, 53, 81, 63, P0
2023/02/26 11:27:41.824, 2, GPU-37339203-98eb-eb9b-69fb-80eda424e7a1, 88, 46080, 2155, 43401, 58, 88, 62, P0
2023/02/26 11:27:46.838, 2, GPU-37339203-98eb-eb9b-69fb-80eda424e7a1, 87, 46080, 2155, 43401, 60, 87, 64, P0
2023/02/26 11:27:51.853, 2, GPU-37339203-98eb-eb9b-69fb-80eda424e7a1, 90, 46080, 2155, 43401, 60, 90, 63, P0
2023/02/26 11:27:56.867, 2, GPU-37339203-98eb-eb9b-69fb-80eda424e7a1, 0, 46080, 2155, 43401, 0, 0, 58, P0
2023/02/26 11:28:01.881, 2, GPU-37339203-98eb-eb9b-69fb-80eda424e7a1, 88, 46080, 2155, 43401, 57, 88, 62, P0
2023/02/26 11:28:06.895, 2, GPU-37339203-98eb-eb9b-69fb-80eda424e7a1, 85, 46080, 2155, 43401, 56, 85, 62, P0
2023/02/26 11:28:11.910, 2, GPU-37339203-98eb-eb9b-69fb-80eda424e7a1, 89, 46080, 2155, 43401, 61, 89, 62, P0
2023/02/26 11:28:16.924, 2, GPU-37339203-98eb-eb9b-69fb-80eda424e7a1, 87, 46080, 2155, 43401, 58, 87, 63, P0
2023/02/26 11:28:21.939, 2, GPU-37339203-98eb-eb9b-69fb-80eda424e7a1, 88, 46080, 2155, 43401, 59, 88, 63, P0
2023/02/26 11:28:26.953, 2, GPU-37339203-98eb-eb9b-69fb-80eda424e7a1, 86, 46080, 2155, 43401, 56, 86, 62, P0
2023/02/26 11:28:31.966, 2, GPU-37339203-98eb-eb9b-69fb-80eda424e7a1, 87, 46080, 2155, 43401, 59, 87, 62, P0
2023/02/26 11:28:36.981, 2, GPU-37339203-98eb-eb9b-69fb-80eda424e7a1, 88, 46080, 2155, 43401, 58, 88, 63, P0
2023/02/26 11:28:41.995, 2, GPU-37339203-98eb-eb9b-69fb-80eda424e7a1, 82, 46080, 2155, 43401, 53, 82, 63, P0
2023/02/26 11:28:47.010, 2, GPU-37339203-98eb-eb9b-69fb-80eda424e7a1, 87, 46080, 2155, 43401, 59, 87, 63, P0
2023/02/26 11:28:52.025, 2, GPU-37339203-98eb-eb9b-69fb-80eda424e7a1, 89, 46080, 2155, 43401, 60, 89, 63, P0
2023/02/26 11:28:57.039, 2, GPU-37339203-98eb-eb9b-69fb-80eda424e7a1, 83, 46080, 2155, 43401, 55, 83, 63, P0
2023/02/26 11:29:02.053, 2, GPU-37339203-98eb-eb9b-69fb-80eda424e7a1, 89, 46080, 2155, 43401, 61, 89, 63, P0
2023/02/26 11:29:07.068, 2, GPU-37339203-98eb-eb9b-69fb-80eda424e7a1, 89, 46080, 2155, 43401, 60, 89, 63, P0
2023/02/26 11:29:12.081, 2, GPU-37339203-98eb-eb9b-69fb-80eda424e7a1, 81, 46080, 2155, 43401, 54, 81, 62, P0
2023/02/26 11:29:17.096, 2, GPU-37339203-98eb-eb9b-69fb-80eda424e7a1, 89, 46080, 2155, 43401, 61, 89, 63, P0
2023/02/26 11:29:22.110, 2, GPU-37339203-98eb-eb9b-69fb-80eda424e7a1, 88, 46080, 2155, 43401, 59, 88, 63, P0
2023/02/26 11:29:27.125, 2, GPU-37339203-98eb-eb9b-69fb-80eda424e7a1, 87, 46080, 2155, 43401, 57, 87, 63, P0
2023/02/26 11:29:32.140, 2, GPU-37339203-98eb-eb9b-69fb-80eda424e7a1, 89, 46080, 2155, 43401, 60, 89, 63, P0
2023/02/26 11:29:37.155, 2, GPU-37339203-98eb-eb9b-69fb-80eda424e7a1, 87, 46080, 2155, 43401, 58, 87, 63, P0
2023/02/26 11:29:42.169, 2, GPU-37339203-98eb-eb9b-69fb-80eda424e7a1, 89, 46080, 2155, 43401, 58, 89, 63, P0
2023/02/26 11:29:47.183, 2, GPU-37339203-98eb-eb9b-69fb-80eda424e7a1, 85, 46080, 2155, 43401, 56, 85, 62, P0
2023/02/26 11:29:52.197, 2, GPU-37339203-98eb-eb9b-69fb-80eda424e7a1, 88, 46080, 2155, 43401, 59, 88, 63, P0
2023/02/26 11:29:57.212, 2, GPU-37339203-98eb-eb9b-69fb-80eda424e7a1, 89, 46080, 2155, 43401, 58, 89, 64, P0
2023/02/26 11:30:02.227, 2, GPU-37339203-98eb-eb9b-69fb-80eda424e7a1, 88, 46080, 2155, 43401, 60, 88, 64, P0
2023/02/26 11:30:07.241, 2, GPU-37339203-98eb-eb9b-69fb-80eda424e7a1, 89, 46080, 2155, 43401, 60, 89, 63, P0
2023/02/26 11:30:12.256, 2, GPU-37339203-98eb-eb9b-69fb-80eda424e7a1, 89, 46080, 2155, 43401, 58, 89, 64, P0
2023/02/26 11:30:17.270, 2, GPU-37339203-98eb-eb9b-69fb-80eda424e7a1, 87, 46080, 2155, 43401, 58, 87, 62, P0
2023/02/26 11:30:22.284, 2, GPU-37339203-98eb-eb9b-69fb-80eda424e7a1, 89, 46080, 2155, 43401, 59, 89, 63, P0
2023/02/26 11:30:27.298, 2, GPU-37339203-98eb-eb9b-69fb-80eda424e7a1, 86, 46080, 2155, 43401, 56, 86, 63, P0
2023/02/26 11:30:32.312, 2, GPU-37339203-98eb-eb9b-69fb-80eda424e7a1, 89, 46080, 2155, 43401, 61, 89, 63, P0
2023/02/26 11:30:37.327, 2, GPU-37339203-98eb-eb9b-69fb-80eda424e7a1, 90, 46080, 2155, 43401, 60, 90, 63, P0
2023/02/26 11:30:42.341, 2, GPU-37339203-98eb-eb9b-69fb-80eda424e7a1, 81, 46080, 2155, 43401, 54, 81, 63, P0
2023/02/26 11:30:47.356, 2, GPU-37339203-98eb-eb9b-69fb-80eda424e7a1, 89, 46080, 2155, 43401, 61, 89, 63, P0
2023/02/26 11:30:52.370, 2, GPU-37339203-98eb-eb9b-69fb-80eda424e7a1, 87, 46080, 2155, 43401, 58, 87, 63, P0
2023/02/26 11:30:57.384, 2, GPU-37339203-98eb-eb9b-69fb-80eda424e7a1, 87, 46080, 2155, 43401, 58, 87, 63, P0
2023/02/26 11:31:02.398, 2, GPU-37339203-98eb-eb9b-69fb-80eda424e7a1, 88, 46080, 2155, 43401, 58, 88, 63, P0
2023/02/26 11:31:07.412, 2, GPU-37339203-98eb-eb9b-69fb-80eda424e7a1, 88, 46080, 2155, 43401, 57, 88, 63, P0
2023/02/26 11:31:12.426, 2, GPU-37339203-98eb-eb9b-69fb-80eda424e7a1, 89, 46080, 2155, 43401, 62, 89, 63, P0
2023/02/26 11:31:17.441, 2, GPU-37339203-98eb-eb9b-69fb-80eda424e7a1, 87, 46080, 2155, 43401, 58, 87, 63, P0
2023/02/26 11:31:22.455, 2, GPU-37339203-98eb-eb9b-69fb-80eda424e7a1, 89, 46080, 2155, 43401, 59, 89, 64, P0
2023/02/26 11:31:27.470, 2, GPU-37339203-98eb-eb9b-69fb-80eda424e7a1, 87, 46080, 2155, 43401, 59, 87, 63, P0
2023/02/26 11:31:32.484, 2, GPU-37339203-98eb-eb9b-69fb-80eda424e7a1, 89, 46080, 2155, 43401, 60, 89, 63, P0
2023/02/26 11:31:37.499, 2, GPU-37339203-98eb-eb9b-69fb-80eda424e7a1, 89, 46080, 2155, 43401, 60, 89, 63, P0
2023/02/26 11:31:42.513, 2, GPU-37339203-98eb-eb9b-69fb-80eda424e7a1, 87, 46080, 2155, 43401, 56, 87, 63, P0
2023/02/26 11:31:47.528, 2, GPU-37339203-98eb-eb9b-69fb-80eda424e7a1, 88, 46080, 2155, 43401, 59, 88, 63, P0
2023/02/26 11:31:52.542, 2, GPU-37339203-98eb-eb9b-69fb-80eda424e7a1, 88, 46080, 2155, 43401, 59, 88, 63, P0
2023/02/26 11:31:57.557, 2, GPU-37339203-98eb-eb9b-69fb-80eda424e7a1, 81, 46080, 2155, 43401, 53, 81, 63, P0
2023/02/26 11:32:02.572, 2, GPU-37339203-98eb-eb9b-69fb-80eda424e7a1, 89, 46080, 2155, 43401, 61, 89, 63, P0
2023/02/26 11:32:07.587, 2, GPU-37339203-98eb-eb9b-69fb-80eda424e7a1, 87, 46080, 2155, 43401, 58, 87, 63, P0
2023/02/26 11:32:12.601, 2, GPU-37339203-98eb-eb9b-69fb-80eda424e7a1, 87, 46080, 2155, 43401, 58, 87, 63, P0
2023/02/26 11:32:17.619, 2, GPU-37339203-98eb-eb9b-69fb-80eda424e7a1, 88, 46080, 2155, 43401, 58, 88, 62, P0
2023/02/26 11:32:22.634, 2, GPU-37339203-98eb-eb9b-69fb-80eda424e7a1, 83, 46080, 2155, 43401, 54, 83, 63, P0
2023/02/26 11:32:27.648, 2, GPU-37339203-98eb-eb9b-69fb-80eda424e7a1, 89, 46080, 2155, 43401, 61, 89, 63, P0
2023/02/26 11:32:32.662, 2, GPU-37339203-98eb-eb9b-69fb-80eda424e7a1, 87, 46080, 2155, 43401, 58, 87, 63, P0
2023/02/26 11:32:37.676, 2, GPU-37339203-98eb-eb9b-69fb-80eda424e7a1, 87, 46080, 2155, 43401, 57, 87, 63, P0
2023/02/26 11:32:42.692, 2, GPU-37339203-98eb-eb9b-69fb-80eda424e7a1, 88, 46080, 2155, 43401, 60, 88, 63, P0
2023/02/26 11:32:47.706, 2, GPU-37339203-98eb-eb9b-69fb-80eda424e7a1, 89, 46080, 2155, 43401, 58, 89, 63, P0
2023/02/26 11:32:52.720, 2, GPU-37339203-98eb-eb9b-69fb-80eda424e7a1, 89, 46080, 2155, 43401, 62, 89, 63, P0
2023/02/26 11:32:57.734, 2, GPU-37339203-98eb-eb9b-69fb-80eda424e7a1, 86, 46080, 2155, 43401, 58, 86, 63, P0
2023/02/26 11:33:02.748, 2, GPU-37339203-98eb-eb9b-69fb-80eda424e7a1, 81, 46080, 2155, 43401, 54, 81, 63, P0
2023/02/26 11:33:07.764, 2, GPU-37339203-98eb-eb9b-69fb-80eda424e7a1, 88, 46080, 2155, 43401, 61, 88, 62, P0
2023/02/26 11:33:12.778, 2, GPU-37339203-98eb-eb9b-69fb-80eda424e7a1, 89, 46080, 2155, 43401, 59, 89, 63, P0
2023/02/26 11:33:17.792, 2, GPU-37339203-98eb-eb9b-69fb-80eda424e7a1, 89, 46080, 2155, 43401, 62, 89, 63, P0
2023/02/26 11:33:22.806, 2, GPU-37339203-98eb-eb9b-69fb-80eda424e7a1, 87, 46080, 2155, 43401, 59, 87, 63, P0
2023/02/26 11:33:27.820, 2, GPU-37339203-98eb-eb9b-69fb-80eda424e7a1, 88, 46080, 2155, 43401, 59, 88, 62, P0
2023/02/26 11:33:32.857, 2, GPU-37339203-98eb-eb9b-69fb-80eda424e7a1, 89, 46080, 2155, 43401, 59, 89, 63, P0
2023/02/26 11:33:37.871, 2, GPU-37339203-98eb-eb9b-69fb-80eda424e7a1, 82, 46080, 2155, 43401, 53, 82, 63, P0
2023/02/26 11:33:42.886, 2, GPU-37339203-98eb-eb9b-69fb-80eda424e7a1, 90, 46080, 2155, 43401, 60, 90, 63, P0
2023/02/26 11:33:47.900, 2, GPU-37339203-98eb-eb9b-69fb-80eda424e7a1, 87, 46080, 2155, 43401, 57, 87, 62, P0
2023/02/26 11:33:52.915, 2, GPU-37339203-98eb-eb9b-69fb-80eda424e7a1, 88, 46080, 2155, 43401, 59, 88, 63, P0
2023/02/26 11:33:57.929, 2, GPU-37339203-98eb-eb9b-69fb-80eda424e7a1, 88, 46080, 2155, 43401, 59, 88, 63, P0
2023/02/26 11:34:02.971, 2, GPU-37339203-98eb-eb9b-69fb-80eda424e7a1, 83, 46080, 2155, 43401, 54, 83, 63, P0
2023/02/26 11:34:07.986, 2, GPU-37339203-98eb-eb9b-69fb-80eda424e7a1, 90, 46080, 2155, 43401, 61, 90, 63, P0
2023/02/26 11:34:13.000, 2, GPU-37339203-98eb-eb9b-69fb-80eda424e7a1, 88, 46080, 2155, 43401, 58, 88, 63, P0
2023/02/26 11:34:18.014, 2, GPU-37339203-98eb-eb9b-69fb-80eda424e7a1, 89, 46080, 2155, 43401, 60, 89, 63, P0
2023/02/26 11:34:23.028, 2, GPU-37339203-98eb-eb9b-69fb-80eda424e7a1, 87, 46080, 2155, 43401, 59, 87, 63, P0
2023/02/26 11:34:28.042, 2, GPU-37339203-98eb-eb9b-69fb-80eda424e7a1, 83, 46080, 2155, 43401, 54, 83, 62, P0
2023/02/26 11:34:33.056, 2, GPU-37339203-98eb-eb9b-69fb-80eda424e7a1, 89, 46080, 2155, 43401, 60, 89, 63, P0
2023/02/26 11:34:38.071, 2, GPU-37339203-98eb-eb9b-69fb-80eda424e7a1, 82, 46080, 2155, 43401, 53, 82, 63, P0
2023/02/26 11:34:43.085, 2, GPU-37339203-98eb-eb9b-69fb-80eda424e7a1, 89, 46080, 2155, 43401, 60, 89, 63, P0
2023/02/26 11:34:48.100, 2, GPU-37339203-98eb-eb9b-69fb-80eda424e7a1, 80, 46080, 2155, 43401, 53, 80, 62, P0
2023/02/26 11:34:53.114, 2, GPU-37339203-98eb-eb9b-69fb-80eda424e7a1, 88, 46080, 2155, 43401, 61, 88, 63, P0
2023/02/26 11:34:58.129, 2, GPU-37339203-98eb-eb9b-69fb-80eda424e7a1, 90, 46080, 2155, 43401, 60, 90, 63, P0
2023/02/26 11:35:03.143, 2, GPU-37339203-98eb-eb9b-69fb-80eda424e7a1, 89, 46080, 2155, 43401, 60, 89, 63, P0
2023/02/26 11:35:08.157, 2, GPU-37339203-98eb-eb9b-69fb-80eda424e7a1, 89, 46080, 2155, 43401, 60, 89, 63, P0
2023/02/26 11:35:13.171, 2, GPU-37339203-98eb-eb9b-69fb-80eda424e7a1, 84, 46080, 2155, 43401, 55, 84, 63, P0
2023/02/26 11:35:18.185, 2, GPU-37339203-98eb-eb9b-69fb-80eda424e7a1, 88, 46080, 2155, 43401, 62, 88, 63, P0
2023/02/26 11:35:23.200, 2, GPU-37339203-98eb-eb9b-69fb-80eda424e7a1, 90, 46080, 2155, 43401, 61, 90, 63, P0
2023/02/26 11:35:28.214, 2, GPU-37339203-98eb-eb9b-69fb-80eda424e7a1, 83, 46080, 2155, 43401, 54, 83, 63, P0
2023/02/26 11:35:33.228, 2, GPU-37339203-98eb-eb9b-69fb-80eda424e7a1, 90, 46080, 2155, 43401, 61, 90, 63, P0
2023/02/26 11:35:38.244, 2, GPU-37339203-98eb-eb9b-69fb-80eda424e7a1, 80, 46080, 2155, 43401, 53, 80, 63, P0
2023/02/26 11:35:43.258, 2, GPU-37339203-98eb-eb9b-69fb-80eda424e7a1, 88, 46080, 2155, 43401, 59, 88, 63, P0
2023/02/26 11:35:48.273, 2, GPU-37339203-98eb-eb9b-69fb-80eda424e7a1, 0, 46080, 2155, 43401, 0, 0, 58, P0
2023/02/26 11:35:53.286, 2, GPU-37339203-98eb-eb9b-69fb-80eda424e7a1, 89, 46080, 2155, 43401, 60, 89, 61, P0
2023/02/26 11:35:58.300, 2, GPU-37339203-98eb-eb9b-69fb-80eda424e7a1, 86, 46080, 2155, 43401, 58, 86, 62, P0
2023/02/26 11:36:03.316, 2, GPU-37339203-98eb-eb9b-69fb-80eda424e7a1, 87, 46080, 2155, 43401, 59, 87, 62, P0
2023/02/26 11:36:08.330, 2, GPU-37339203-98eb-eb9b-69fb-80eda424e7a1, 87, 46080, 2155, 43401, 58, 87, 61, P0
2023/02/26 11:36:13.344, 2, GPU-37339203-98eb-eb9b-69fb-80eda424e7a1, 87, 46080, 2155, 43401, 60, 87, 63, P0
2023/02/26 11:36:18.358, 2, GPU-37339203-98eb-eb9b-69fb-80eda424e7a1, 87, 46080, 2155, 43401, 58, 87, 63, P0
2023/02/26 11:36:23.373, 2, GPU-37339203-98eb-eb9b-69fb-80eda424e7a1, 89, 46080, 2155, 43401, 61, 89, 62, P0
2023/02/26 11:36:28.387, 2, GPU-37339203-98eb-eb9b-69fb-80eda424e7a1, 81, 46080, 2155, 43401, 53, 81, 63, P0
2023/02/26 11:36:33.402, 2, GPU-37339203-98eb-eb9b-69fb-80eda424e7a1, 89, 46080, 2155, 43401, 60, 89, 62, P0
2023/02/26 11:36:38.417, 2, GPU-37339203-98eb-eb9b-69fb-80eda424e7a1, 87, 46080, 2155, 43401, 60, 87, 63, P0
2023/02/26 11:36:43.431, 2, GPU-37339203-98eb-eb9b-69fb-80eda424e7a1, 89, 46080, 2155, 43401, 58, 89, 63, P0
2023/02/26 11:36:48.447, 2, GPU-37339203-98eb-eb9b-69fb-80eda424e7a1, 88, 46080, 2155, 43401, 59, 88, 63, P0
2023/02/26 11:36:53.461, 2, GPU-37339203-98eb-eb9b-69fb-80eda424e7a1, 89, 46080, 2155, 43401, 62, 89, 62, P0
2023/02/26 11:36:58.475, 2, GPU-37339203-98eb-eb9b-69fb-80eda424e7a1, 83, 46080, 2155, 43401, 54, 83, 63, P0
2023/02/26 11:37:03.490, 2, GPU-37339203-98eb-eb9b-69fb-80eda424e7a1, 89, 46080, 2155, 43401, 60, 89, 63, P0
2023/02/26 11:37:08.504, 2, GPU-37339203-98eb-eb9b-69fb-80eda424e7a1, 88, 46080, 2155, 43401, 60, 88, 63, P0
2023/02/26 11:37:13.519, 2, GPU-37339203-98eb-eb9b-69fb-80eda424e7a1, 89, 46080, 2155, 43401, 60, 89, 63, P0
2023/02/26 11:37:18.533, 2, GPU-37339203-98eb-eb9b-69fb-80eda424e7a1, 88, 46080, 2155, 43401, 60, 88, 62, P0
2023/02/26 11:37:23.548, 2, GPU-37339203-98eb-eb9b-69fb-80eda424e7a1, 89, 46080, 2155, 43401, 58, 89, 63, P0
2023/02/26 11:37:28.561, 2, GPU-37339203-98eb-eb9b-69fb-80eda424e7a1, 89, 46080, 2155, 43401, 60, 89, 63, P0
2023/02/26 11:37:33.576, 2, GPU-37339203-98eb-eb9b-69fb-80eda424e7a1, 90, 46080, 2155, 43401, 62, 90, 64, P0
2023/02/26 11:37:38.590, 2, GPU-37339203-98eb-eb9b-69fb-80eda424e7a1, 84, 46080, 2155, 43401, 55, 84, 63, P0
2023/02/26 11:37:43.604, 2, GPU-37339203-98eb-eb9b-69fb-80eda424e7a1, 88, 46080, 2155, 43401, 59, 88, 63, P0
2023/02/26 11:37:48.620, 2, GPU-37339203-98eb-eb9b-69fb-80eda424e7a1, 91, 46080, 2155, 43401, 63, 91, 62, P0
2023/02/26 11:37:53.634, 2, GPU-37339203-98eb-eb9b-69fb-80eda424e7a1, 88, 46080, 2155, 43401, 59, 88, 63, P0
2023/02/26 11:37:58.649, 2, GPU-37339203-98eb-eb9b-69fb-80eda424e7a1, 87, 46080, 2155, 43401, 55, 87, 63, P0
2023/02/26 11:38:03.664, 2, GPU-37339203-98eb-eb9b-69fb-80eda424e7a1, 90, 46080, 2155, 43401, 60, 90, 63, P0
2023/02/26 11:38:08.679, 2, GPU-37339203-98eb-eb9b-69fb-80eda424e7a1, 90, 46080, 2155, 43401, 60, 90, 63, P0
2023/02/26 11:38:13.693, 2, GPU-37339203-98eb-eb9b-69fb-80eda424e7a1, 87, 46080, 2155, 43401, 58, 87, 63, P0
2023/02/26 11:38:18.707, 2, GPU-37339203-98eb-eb9b-69fb-80eda424e7a1, 89, 46080, 2155, 43401, 60, 89, 62, P0
2023/02/26 11:38:23.722, 2, GPU-37339203-98eb-eb9b-69fb-80eda424e7a1, 85, 46080, 2155, 43401, 55, 85, 63, P0
2023/02/26 11:38:28.736, 2, GPU-37339203-98eb-eb9b-69fb-80eda424e7a1, 89, 46080, 2155, 43401, 62, 89, 63, P0
2023/02/26 11:38:33.751, 2, GPU-37339203-98eb-eb9b-69fb-80eda424e7a1, 82, 46080, 2155, 43401, 54, 82, 63, P0
2023/02/26 11:38:38.766, 2, GPU-37339203-98eb-eb9b-69fb-80eda424e7a1, 88, 46080, 2155, 43401, 60, 88, 63, P0
2023/02/26 11:38:43.780, 2, GPU-37339203-98eb-eb9b-69fb-80eda424e7a1, 89, 46080, 2155, 43401, 59, 89, 63, P0
2023/02/26 11:38:48.794, 2, GPU-37339203-98eb-eb9b-69fb-80eda424e7a1, 81, 46080, 2155, 43401, 53, 81, 63, P0
2023/02/26 11:38:53.809, 2, GPU-37339203-98eb-eb9b-69fb-80eda424e7a1, 89, 46080, 2155, 43401, 61, 89, 63, P0
2023/02/26 11:38:58.823, 2, GPU-37339203-98eb-eb9b-69fb-80eda424e7a1, 86, 46080, 2155, 43401, 58, 86, 63, P0
2023/02/26 11:39:03.837, 2, GPU-37339203-98eb-eb9b-69fb-80eda424e7a1, 88, 46080, 2155, 43401, 57, 88, 63, P0
2023/02/26 11:39:08.851, 2, GPU-37339203-98eb-eb9b-69fb-80eda424e7a1, 89, 46080, 2155, 43401, 60, 89, 63, P0
2023/02/26 11:39:13.866, 2, GPU-37339203-98eb-eb9b-69fb-80eda424e7a1, 88, 46080, 2155, 43401, 60, 88, 63, P0
2023/02/26 11:39:18.881, 2, GPU-37339203-98eb-eb9b-69fb-80eda424e7a1, 89, 46080, 2155, 43401, 58, 89, 63, P0
2023/02/26 11:39:23.895, 2, GPU-37339203-98eb-eb9b-69fb-80eda424e7a1, 91, 46080, 2155, 43401, 61, 91, 63, P0
2023/02/26 11:39:28.910, 2, GPU-37339203-98eb-eb9b-69fb-80eda424e7a1, 89, 46080, 2155, 43401, 59, 89, 63, P0
2023/02/26 11:39:33.924, 2, GPU-37339203-98eb-eb9b-69fb-80eda424e7a1, 86, 46080, 2155, 43401, 56, 86, 63, P0
2023/02/26 11:39:38.938, 2, GPU-37339203-98eb-eb9b-69fb-80eda424e7a1, 89, 46080, 2155, 43401, 59, 89, 63, P0
2023/02/26 11:39:43.954, 2, GPU-37339203-98eb-eb9b-69fb-80eda424e7a1, 86, 46080, 2155, 43401, 56, 86, 63, P0
2023/02/26 11:39:48.968, 2, GPU-37339203-98eb-eb9b-69fb-80eda424e7a1, 88, 46080, 2155, 43401, 59, 88, 63, P0
2023/02/26 11:39:53.983, 2, GPU-37339203-98eb-eb9b-69fb-80eda424e7a1, 89, 46080, 2155, 43401, 60, 89, 63, P0
2023/02/26 11:39:58.997, 2, GPU-37339203-98eb-eb9b-69fb-80eda424e7a1, 85, 46080, 2155, 43401, 56, 85, 63, P0
2023/02/26 11:40:04.011, 2, GPU-37339203-98eb-eb9b-69fb-80eda424e7a1, 88, 46080, 2155, 43401, 60, 88, 63, P0
2023/02/26 11:40:09.026, 2, GPU-37339203-98eb-eb9b-69fb-80eda424e7a1, 89, 46080, 2155, 43401, 58, 89, 63, P0
2023/02/26 11:40:14.040, 2, GPU-37339203-98eb-eb9b-69fb-80eda424e7a1, 88, 46080, 2155, 43401, 59, 88, 63, P0
2023/02/26 11:40:19.054, 2, GPU-37339203-98eb-eb9b-69fb-80eda424e7a1, 83, 46080, 2155, 43401, 54, 83, 63, P0
2023/02/26 11:40:24.068, 2, GPU-37339203-98eb-eb9b-69fb-80eda424e7a1, 91, 46080, 2155, 43401, 62, 91, 63, P0
2023/02/26 11:40:29.082, 2, GPU-37339203-98eb-eb9b-69fb-80eda424e7a1, 89, 46080, 2155, 43401, 60, 89, 63, P0
2023/02/26 11:40:34.097, 2, GPU-37339203-98eb-eb9b-69fb-80eda424e7a1, 88, 46080, 2155, 43401, 60, 88, 63, P0
2023/02/26 11:40:39.110, 2, GPU-37339203-98eb-eb9b-69fb-80eda424e7a1, 87, 46080, 2155, 43401, 59, 87, 63, P0
2023/02/26 11:40:44.125, 2, GPU-37339203-98eb-eb9b-69fb-80eda424e7a1, 84, 46080, 2155, 43401, 55, 84, 63, P0
2023/02/26 11:40:49.139, 2, GPU-37339203-98eb-eb9b-69fb-80eda424e7a1, 87, 46080, 2155, 43401, 60, 87, 63, P0
2023/02/26 11:40:54.153, 2, GPU-37339203-98eb-eb9b-69fb-80eda424e7a1, 88, 46080, 2155, 43401, 59, 88, 63, P0
2023/02/26 11:40:59.168, 2, GPU-37339203-98eb-eb9b-69fb-80eda424e7a1, 89, 46080, 2155, 43401, 58, 89, 63, P0
2023/02/26 11:41:04.182, 2, GPU-37339203-98eb-eb9b-69fb-80eda424e7a1, 88, 46080, 2155, 43401, 60, 88, 63, P0
2023/02/26 11:41:09.197, 2, GPU-37339203-98eb-eb9b-69fb-80eda424e7a1, 89, 46080, 2155, 43401, 60, 89, 62, P0
2023/02/26 11:41:14.212, 2, GPU-37339203-98eb-eb9b-69fb-80eda424e7a1, 82, 46080, 2155, 43401, 54, 82, 63, P0
2023/02/26 11:41:19.226, 2, GPU-37339203-98eb-eb9b-69fb-80eda424e7a1, 88, 46080, 2155, 43401, 60, 88, 63, P0
2023/02/26 11:41:24.241, 2, GPU-37339203-98eb-eb9b-69fb-80eda424e7a1, 90, 46080, 2155, 43401, 58, 90, 63, P0
2023/02/26 11:41:29.256, 2, GPU-37339203-98eb-eb9b-69fb-80eda424e7a1, 88, 46080, 2155, 43401, 60, 88, 63, P0
2023/02/26 11:41:34.270, 2, GPU-37339203-98eb-eb9b-69fb-80eda424e7a1, 89, 46080, 2155, 43401, 60, 89, 63, P0
2023/02/26 11:41:39.285, 2, GPU-37339203-98eb-eb9b-69fb-80eda424e7a1, 85, 46080, 2155, 43401, 55, 85, 63, P0
2023/02/26 11:41:44.299, 2, GPU-37339203-98eb-eb9b-69fb-80eda424e7a1, 89, 46080, 2155, 43401, 60, 89, 63, P0
2023/02/26 11:41:49.313, 2, GPU-37339203-98eb-eb9b-69fb-80eda424e7a1, 90, 46080, 2155, 43401, 60, 90, 63, P0
2023/02/26 11:41:54.327, 2, GPU-37339203-98eb-eb9b-69fb-80eda424e7a1, 82, 46080, 2155, 43401, 53, 82, 63, P0
2023/02/26 11:41:59.342, 2, GPU-37339203-98eb-eb9b-69fb-80eda424e7a1, 89, 46080, 2155, 43401, 60, 89, 63, P0
2023/02/26 11:42:04.356, 2, GPU-37339203-98eb-eb9b-69fb-80eda424e7a1, 86, 46080, 2155, 43401, 56, 86, 63, P0
2023/02/26 11:42:09.370, 2, GPU-37339203-98eb-eb9b-69fb-80eda424e7a1, 90, 46080, 2155, 43401, 62, 90, 63, P0
2023/02/26 11:42:14.384, 2, GPU-37339203-98eb-eb9b-69fb-80eda424e7a1, 88, 46080, 2155, 43401, 59, 88, 63, P0
2023/02/26 11:42:19.398, 2, GPU-37339203-98eb-eb9b-69fb-80eda424e7a1, 81, 46080, 2155, 43401, 53, 81, 63, P0
2023/02/26 11:42:24.412, 2, GPU-37339203-98eb-eb9b-69fb-80eda424e7a1, 90, 46080, 2155, 43401, 61, 90, 63, P0
2023/02/26 11:42:29.425, 2, GPU-37339203-98eb-eb9b-69fb-80eda424e7a1, 80, 46080, 2155, 43401, 53, 80, 63, P0
2023/02/26 11:42:34.440, 2, GPU-37339203-98eb-eb9b-69fb-80eda424e7a1, 89, 46080, 2155, 43401, 60, 89, 63, P0
2023/02/26 11:42:39.454, 2, GPU-37339203-98eb-eb9b-69fb-80eda424e7a1, 86, 46080, 2155, 43401, 56, 86, 63, P0
2023/02/26 11:42:44.468, 2, GPU-37339203-98eb-eb9b-69fb-80eda424e7a1, 88, 46080, 2155, 43401, 60, 88, 63, P0
2023/02/26 11:42:49.484, 2, GPU-37339203-98eb-eb9b-69fb-80eda424e7a1, 89, 46080, 2155, 43401, 60, 89, 63, P0
2023/02/26 11:42:54.499, 2, GPU-37339203-98eb-eb9b-69fb-80eda424e7a1, 88, 46080, 2155, 43401, 59, 88, 63, P0
2023/02/26 11:42:59.512, 2, GPU-37339203-98eb-eb9b-69fb-80eda424e7a1, 88, 46080, 2155, 43401, 59, 88, 62, P0
2023/02/26 11:43:04.527, 2, GPU-37339203-98eb-eb9b-69fb-80eda424e7a1, 85, 46080, 2155, 43401, 56, 85, 63, P0
2023/02/26 11:43:09.541, 2, GPU-37339203-98eb-eb9b-69fb-80eda424e7a1, 88, 46080, 2155, 43401, 59, 88, 63, P0
2023/02/26 11:43:14.555, 2, GPU-37339203-98eb-eb9b-69fb-80eda424e7a1, 82, 46080, 2155, 43401, 54, 82, 63, P0
2023/02/26 11:43:19.570, 2, GPU-37339203-98eb-eb9b-69fb-80eda424e7a1, 88, 46080, 2155, 43401, 59, 88, 62, P0
2023/02/26 11:43:24.584, 2, GPU-37339203-98eb-eb9b-69fb-80eda424e7a1, 89, 46080, 2155, 43401, 58, 89, 63, P0
2023/02/26 11:43:29.599, 2, GPU-37339203-98eb-eb9b-69fb-80eda424e7a1, 87, 46080, 2155, 43401, 59, 87, 63, P0
2023/02/26 11:43:34.614, 2, GPU-37339203-98eb-eb9b-69fb-80eda424e7a1, 87, 46080, 2155, 43401, 56, 87, 63, P0
2023/02/26 11:43:39.628, 2, GPU-37339203-98eb-eb9b-69fb-80eda424e7a1, 89, 46080, 2155, 43401, 62, 89, 63, P0
2023/02/26 11:43:44.642, 2, GPU-37339203-98eb-eb9b-69fb-80eda424e7a1, 88, 46080, 2155, 43401, 59, 88, 63, P0
2023/02/26 11:43:49.659, 2, GPU-37339203-98eb-eb9b-69fb-80eda424e7a1, 90, 46080, 2155, 43401, 62, 90, 63, P0
2023/02/26 11:43:54.673, 2, GPU-37339203-98eb-eb9b-69fb-80eda424e7a1, 12, 46080, 2155, 43401, 6, 12, 59, P0
2023/02/26 11:43:59.688, 2, GPU-37339203-98eb-eb9b-69fb-80eda424e7a1, 90, 46080, 2155, 43401, 60, 90, 61, P0
2023/02/26 11:44:04.701, 2, GPU-37339203-98eb-eb9b-69fb-80eda424e7a1, 88, 46080, 2155, 43401, 60, 88, 62, P0
2023/02/26 11:44:09.717, 2, GPU-37339203-98eb-eb9b-69fb-80eda424e7a1, 83, 46080, 2155, 43401, 54, 83, 61, P0
2023/02/26 11:44:14.731, 2, GPU-37339203-98eb-eb9b-69fb-80eda424e7a1, 87, 46080, 2155, 43401, 56, 87, 62, P0
2023/02/26 11:44:19.746, 2, GPU-37339203-98eb-eb9b-69fb-80eda424e7a1, 90, 46080, 2155, 43401, 60, 90, 63, P0
2023/02/26 11:44:24.759, 2, GPU-37339203-98eb-eb9b-69fb-80eda424e7a1, 89, 46080, 2155, 43401, 60, 89, 62, P0
2023/02/26 11:44:29.774, 2, GPU-37339203-98eb-eb9b-69fb-80eda424e7a1, 89, 46080, 2155, 43401, 60, 89, 63, P0
2023/02/26 11:44:34.788, 2, GPU-37339203-98eb-eb9b-69fb-80eda424e7a1, 92, 46080, 2155, 43401, 62, 92, 63, P0
2023/02/26 11:44:39.803, 2, GPU-37339203-98eb-eb9b-69fb-80eda424e7a1, 89, 46080, 2155, 43401, 62, 89, 62, P0
2023/02/26 11:44:44.818, 2, GPU-37339203-98eb-eb9b-69fb-80eda424e7a1, 91, 46080, 2155, 43401, 63, 91, 63, P0
2023/02/26 11:44:49.832, 2, GPU-37339203-98eb-eb9b-69fb-80eda424e7a1, 88, 46080, 2155, 43401, 59, 88, 63, P0
2023/02/26 11:44:54.846, 2, GPU-37339203-98eb-eb9b-69fb-80eda424e7a1, 83, 46080, 2155, 43401, 55, 83, 63, P0
2023/02/26 11:44:59.861, 2, GPU-37339203-98eb-eb9b-69fb-80eda424e7a1, 91, 46080, 2155, 43401, 61, 91, 63, P0
2023/02/26 11:45:04.875, 2, GPU-37339203-98eb-eb9b-69fb-80eda424e7a1, 91, 46080, 2155, 43401, 63, 91, 63, P0
2023/02/26 11:45:09.889, 2, GPU-37339203-98eb-eb9b-69fb-80eda424e7a1, 92, 46080, 2155, 43401, 63, 92, 63, P0
2023/02/26 11:45:14.903, 2, GPU-37339203-98eb-eb9b-69fb-80eda424e7a1, 87, 46080, 2155, 43401, 57, 87, 63, P0
2023/02/26 11:45:19.917, 2, GPU-37339203-98eb-eb9b-69fb-80eda424e7a1, 81, 46080, 2155, 43401, 53, 81, 63, P0
2023/02/26 11:45:24.931, 2, GPU-37339203-98eb-eb9b-69fb-80eda424e7a1, 89, 46080, 2155, 43401, 59, 89, 63, P0
2023/02/26 11:45:29.946, 2, GPU-37339203-98eb-eb9b-69fb-80eda424e7a1, 84, 46080, 2155, 43401, 54, 84, 62, P0
2023/02/26 11:45:34.960, 2, GPU-37339203-98eb-eb9b-69fb-80eda424e7a1, 90, 46080, 2155, 43401, 60, 90, 63, P0
2023/02/26 11:45:39.976, 2, GPU-37339203-98eb-eb9b-69fb-80eda424e7a1, 91, 46080, 2155, 43401, 60, 91, 63, P0
2023/02/26 11:45:44.989, 2, GPU-37339203-98eb-eb9b-69fb-80eda424e7a1, 90, 46080, 2155, 43401, 60, 90, 63, P0
2023/02/26 11:45:50.005, 2, GPU-37339203-98eb-eb9b-69fb-80eda424e7a1, 91, 46080, 2155, 43401, 62, 91, 63, P0
2023/02/26 11:45:55.019, 2, GPU-37339203-98eb-eb9b-69fb-80eda424e7a1, 92, 46080, 2155, 43401, 62, 92, 63, P0
2023/02/26 11:46:00.033, 2, GPU-37339203-98eb-eb9b-69fb-80eda424e7a1, 91, 46080, 2155, 43401, 60, 91, 63, P0
2023/02/26 11:46:05.047, 2, GPU-37339203-98eb-eb9b-69fb-80eda424e7a1, 87, 46080, 2155, 43401, 56, 87, 63, P0
2023/02/26 11:46:10.062, 2, GPU-37339203-98eb-eb9b-69fb-80eda424e7a1, 87, 46080, 2155, 43401, 57, 87, 63, P0
2023/02/26 11:46:15.076, 2, GPU-37339203-98eb-eb9b-69fb-80eda424e7a1, 89, 46080, 2155, 43401, 60, 89, 63, P0
2023/02/26 11:46:20.089, 2, GPU-37339203-98eb-eb9b-69fb-80eda424e7a1, 89, 46080, 2155, 43401, 60, 89, 63, P0
2023/02/26 11:46:25.104, 2, GPU-37339203-98eb-eb9b-69fb-80eda424e7a1, 89, 46080, 2155, 43401, 60, 89, 63, P0
2023/02/26 11:46:30.119, 2, GPU-37339203-98eb-eb9b-69fb-80eda424e7a1, 88, 46080, 2155, 43401, 61, 88, 62, P0
2023/02/26 11:46:35.135, 2, GPU-37339203-98eb-eb9b-69fb-80eda424e7a1, 90, 46080, 2155, 43401, 61, 90, 63, P0
2023/02/26 11:46:40.149, 2, GPU-37339203-98eb-eb9b-69fb-80eda424e7a1, 81, 46080, 2155, 43401, 53, 81, 63, P0
2023/02/26 11:46:45.164, 2, GPU-37339203-98eb-eb9b-69fb-80eda424e7a1, 90, 46080, 2155, 43401, 58, 90, 63, P0
2023/02/26 11:46:50.178, 2, GPU-37339203-98eb-eb9b-69fb-80eda424e7a1, 91, 46080, 2155, 43401, 61, 91, 63, P0
2023/02/26 11:46:55.193, 2, GPU-37339203-98eb-eb9b-69fb-80eda424e7a1, 91, 46080, 2155, 43401, 61, 91, 64, P0
2023/02/26 11:47:00.207, 2, GPU-37339203-98eb-eb9b-69fb-80eda424e7a1, 91, 46080, 2155, 43401, 61, 91, 63, P0
2023/02/26 11:47:05.221, 2, GPU-37339203-98eb-eb9b-69fb-80eda424e7a1, 91, 46080, 2155, 43401, 61, 91, 63, P0
2023/02/26 11:47:10.235, 2, GPU-37339203-98eb-eb9b-69fb-80eda424e7a1, 91, 46080, 2155, 43401, 61, 91, 63, P0
2023/02/26 11:47:15.249, 2, GPU-37339203-98eb-eb9b-69fb-80eda424e7a1, 89, 46080, 2155, 43401, 60, 89, 63, P0
2023/02/26 11:47:20.263, 2, GPU-37339203-98eb-eb9b-69fb-80eda424e7a1, 89, 46080, 2155, 43401, 60, 89, 63, P0
2023/02/26 11:47:25.277, 2, GPU-37339203-98eb-eb9b-69fb-80eda424e7a1, 90, 46080, 2155, 43401, 61, 90, 63, P0
2023/02/26 11:47:30.292, 2, GPU-37339203-98eb-eb9b-69fb-80eda424e7a1, 88, 46080, 2155, 43401, 60, 88, 63, P0
2023/02/26 11:47:35.306, 2, GPU-37339203-98eb-eb9b-69fb-80eda424e7a1, 90, 46080, 2155, 43401, 63, 90, 63, P0
2023/02/26 11:47:40.320, 2, GPU-37339203-98eb-eb9b-69fb-80eda424e7a1, 90, 46080, 2155, 43401, 62, 90, 63, P0
2023/02/26 11:47:45.336, 2, GPU-37339203-98eb-eb9b-69fb-80eda424e7a1, 89, 46080, 2155, 43401, 61, 89, 63, P0
2023/02/26 11:47:50.350, 2, GPU-37339203-98eb-eb9b-69fb-80eda424e7a1, 87, 46080, 2155, 43401, 56, 87, 63, P0
2023/02/26 11:47:55.364, 2, GPU-37339203-98eb-eb9b-69fb-80eda424e7a1, 88, 46080, 2155, 43401, 59, 88, 63, P0
2023/02/26 11:48:00.378, 2, GPU-37339203-98eb-eb9b-69fb-80eda424e7a1, 88, 46080, 2155, 43401, 58, 88, 63, P0
2023/02/26 11:48:05.392, 2, GPU-37339203-98eb-eb9b-69fb-80eda424e7a1, 90, 46080, 2155, 43401, 60, 90, 63, P0
2023/02/26 11:48:10.406, 2, GPU-37339203-98eb-eb9b-69fb-80eda424e7a1, 87, 46080, 2155, 43401, 58, 87, 63, P0
2023/02/26 11:48:15.421, 2, GPU-37339203-98eb-eb9b-69fb-80eda424e7a1, 89, 46080, 2155, 43401, 60, 89, 63, P0
2023/02/26 11:48:20.435, 2, GPU-37339203-98eb-eb9b-69fb-80eda424e7a1, 88, 46080, 2155, 43401, 59, 88, 62, P0
2023/02/26 11:48:25.449, 2, GPU-37339203-98eb-eb9b-69fb-80eda424e7a1, 87, 46080, 2155, 43401, 56, 87, 63, P0
2023/02/26 11:48:30.463, 2, GPU-37339203-98eb-eb9b-69fb-80eda424e7a1, 89, 46080, 2155, 43401, 61, 89, 63, P0
2023/02/26 11:48:35.477, 2, GPU-37339203-98eb-eb9b-69fb-80eda424e7a1, 92, 46080, 2155, 43401, 62, 92, 63, P0
2023/02/26 11:48:40.491, 2, GPU-37339203-98eb-eb9b-69fb-80eda424e7a1, 87, 46080, 2155, 43401, 59, 87, 62, P0
2023/02/26 11:48:45.506, 2, GPU-37339203-98eb-eb9b-69fb-80eda424e7a1, 87, 46080, 2155, 43401, 56, 87, 63, P0
2023/02/26 11:48:50.521, 2, GPU-37339203-98eb-eb9b-69fb-80eda424e7a1, 88, 46080, 2155, 43401, 61, 88, 63, P0
2023/02/26 11:48:55.535, 2, GPU-37339203-98eb-eb9b-69fb-80eda424e7a1, 89, 46080, 2155, 43401, 60, 89, 63, P0
2023/02/26 11:49:00.549, 2, GPU-37339203-98eb-eb9b-69fb-80eda424e7a1, 87, 46080, 2155, 43401, 60, 87, 63, P0
2023/02/26 11:49:05.563, 2, GPU-37339203-98eb-eb9b-69fb-80eda424e7a1, 88, 46080, 2155, 43401, 59, 88, 63, P0
2023/02/26 11:49:10.577, 2, GPU-37339203-98eb-eb9b-69fb-80eda424e7a1, 86, 46080, 2155, 43401, 56, 86, 63, P0
2023/02/26 11:49:15.592, 2, GPU-37339203-98eb-eb9b-69fb-80eda424e7a1, 89, 46080, 2155, 43401, 57, 89, 63, P0
2023/02/26 11:49:20.606, 2, GPU-37339203-98eb-eb9b-69fb-80eda424e7a1, 89, 46080, 2155, 43401, 60, 89, 63, P0
2023/02/26 11:49:25.620, 2, GPU-37339203-98eb-eb9b-69fb-80eda424e7a1, 88, 46080, 2155, 43401, 59, 88, 63, P0
2023/02/26 11:49:30.636, 2, GPU-37339203-98eb-eb9b-69fb-80eda424e7a1, 88, 46080, 2155, 43401, 57, 88, 63, P0
2023/02/26 11:49:35.651, 2, GPU-37339203-98eb-eb9b-69fb-80eda424e7a1, 91, 46080, 2155, 43401, 62, 91, 63, P0
2023/02/26 11:49:40.665, 2, GPU-37339203-98eb-eb9b-69fb-80eda424e7a1, 83, 46080, 2155, 43401, 54, 83, 63, P0
2023/02/26 11:49:45.679, 2, GPU-37339203-98eb-eb9b-69fb-80eda424e7a1, 92, 46080, 2155, 43401, 60, 92, 63, P0
2023/02/26 11:49:50.692, 2, GPU-37339203-98eb-eb9b-69fb-80eda424e7a1, 88, 46080, 2155, 43401, 59, 88, 63, P0
2023/02/26 11:49:55.707, 2, GPU-37339203-98eb-eb9b-69fb-80eda424e7a1, 89, 46080, 2155, 43401, 60, 89, 63, P0
2023/02/26 11:50:00.721, 2, GPU-37339203-98eb-eb9b-69fb-80eda424e7a1, 87, 46080, 2155, 43401, 58, 87, 63, P0
2023/02/26 11:50:05.735, 2, GPU-37339203-98eb-eb9b-69fb-80eda424e7a1, 90, 46080, 2155, 43401, 62, 90, 63, P0
2023/02/26 11:50:10.749, 2, GPU-37339203-98eb-eb9b-69fb-80eda424e7a1, 80, 46080, 2155, 43401, 53, 80, 63, P0
2023/02/26 11:50:15.763, 2, GPU-37339203-98eb-eb9b-69fb-80eda424e7a1, 89, 46080, 2155, 43401, 62, 89, 63, P0
2023/02/26 11:50:20.779, 2, GPU-37339203-98eb-eb9b-69fb-80eda424e7a1, 81, 46080, 2155, 43401, 53, 81, 62, P0
2023/02/26 11:50:25.794, 2, GPU-37339203-98eb-eb9b-69fb-80eda424e7a1, 88, 46080, 2155, 43401, 59, 88, 63, P0
2023/02/26 11:50:30.809, 2, GPU-37339203-98eb-eb9b-69fb-80eda424e7a1, 90, 46080, 2155, 43401, 63, 90, 62, P0
2023/02/26 11:50:35.823, 2, GPU-37339203-98eb-eb9b-69fb-80eda424e7a1, 86, 46080, 2155, 43401, 58, 86, 63, P0
2023/02/26 11:50:40.838, 2, GPU-37339203-98eb-eb9b-69fb-80eda424e7a1, 90, 46080, 2155, 43401, 58, 90, 63, P0
2023/02/26 11:50:45.851, 2, GPU-37339203-98eb-eb9b-69fb-80eda424e7a1, 90, 46080, 2155, 43401, 60, 90, 63, P0
2023/02/26 11:50:50.866, 2, GPU-37339203-98eb-eb9b-69fb-80eda424e7a1, 82, 46080, 2155, 43401, 53, 82, 62, P0
2023/02/26 11:50:55.880, 2, GPU-37339203-98eb-eb9b-69fb-80eda424e7a1, 90, 46080, 2155, 43401, 60, 90, 63, P0
2023/02/26 11:51:00.894, 2, GPU-37339203-98eb-eb9b-69fb-80eda424e7a1, 81, 46080, 2155, 43401, 53, 81, 63, P0
2023/02/26 11:51:05.909, 2, GPU-37339203-98eb-eb9b-69fb-80eda424e7a1, 89, 46080, 2155, 43401, 60, 89, 63, P0
2023/02/26 11:51:10.923, 2, GPU-37339203-98eb-eb9b-69fb-80eda424e7a1, 84, 46080, 2155, 43401, 55, 84, 62, P0
2023/02/26 11:51:15.937, 2, GPU-37339203-98eb-eb9b-69fb-80eda424e7a1, 90, 46080, 2155, 43401, 62, 90, 63, P0
2023/02/26 11:51:20.951, 2, GPU-37339203-98eb-eb9b-69fb-80eda424e7a1, 91, 46080, 2155, 43401, 62, 91, 62, P0
2023/02/26 11:51:25.966, 2, GPU-37339203-98eb-eb9b-69fb-80eda424e7a1, 82, 46080, 2155, 43401, 53, 82, 63, P0
2023/02/26 11:51:30.980, 2, GPU-37339203-98eb-eb9b-69fb-80eda424e7a1, 85, 46080, 2155, 43401, 55, 85, 63, P0
2023/02/26 11:51:35.994, 2, GPU-37339203-98eb-eb9b-69fb-80eda424e7a1, 86, 46080, 2155, 43401, 55, 86, 63, P0
2023/02/26 11:51:41.008, 2, GPU-37339203-98eb-eb9b-69fb-80eda424e7a1, 89, 46080, 2155, 43401, 60, 89, 63, P0
2023/02/26 11:51:46.023, 2, GPU-37339203-98eb-eb9b-69fb-80eda424e7a1, 89, 46080, 2155, 43401, 62, 89, 63, P0
2023/02/26 11:51:51.038, 2, GPU-37339203-98eb-eb9b-69fb-80eda424e7a1, 89, 46080, 2155, 43401, 61, 89, 62, P0
2023/02/26 11:51:56.053, 2, GPU-37339203-98eb-eb9b-69fb-80eda424e7a1, 89, 46080, 2155, 43401, 59, 89, 63, P0
2023/02/26 11:52:01.067, 2, GPU-37339203-98eb-eb9b-69fb-80eda424e7a1, 88, 46080, 2155, 43401, 60, 88, 63, P0
2023/02/26 11:52:06.081, 2, GPU-37339203-98eb-eb9b-69fb-80eda424e7a1, 92, 46080, 2155, 43401, 64, 92, 63, P0
2023/02/26 11:52:11.096, 2, GPU-37339203-98eb-eb9b-69fb-80eda424e7a1, 81, 46080, 2155, 43401, 53, 81, 62, P0
2023/02/26 11:52:16.110, 2, GPU-37339203-98eb-eb9b-69fb-80eda424e7a1, 0, 46080, 2155, 43401, 0, 0, 57, P0
2023/02/26 11:52:21.125, 2, GPU-37339203-98eb-eb9b-69fb-80eda424e7a1, 84, 46080, 2155, 43401, 55, 84, 62, P0
2023/02/26 11:52:26.140, 2, GPU-37339203-98eb-eb9b-69fb-80eda424e7a1, 86, 46080, 2155, 43401, 58, 86, 62, P0
2023/02/26 11:52:31.154, 2, GPU-37339203-98eb-eb9b-69fb-80eda424e7a1, 89, 46080, 2155, 43401, 60, 89, 62, P0
2023/02/26 11:52:36.168, 2, GPU-37339203-98eb-eb9b-69fb-80eda424e7a1, 81, 46080, 2155, 43401, 53, 81, 61, P0
2023/02/26 11:52:41.182, 2, GPU-37339203-98eb-eb9b-69fb-80eda424e7a1, 89, 46080, 2155, 43401, 60, 89, 62, P0
2023/02/26 11:52:46.197, 2, GPU-37339203-98eb-eb9b-69fb-80eda424e7a1, 88, 46080, 2155, 43401, 60, 88, 62, P0
2023/02/26 11:52:51.211, 2, GPU-37339203-98eb-eb9b-69fb-80eda424e7a1, 91, 46080, 2155, 43401, 61, 91, 63, P0
2023/02/26 11:52:56.225, 2, GPU-37339203-98eb-eb9b-69fb-80eda424e7a1, 83, 46080, 2155, 43401, 54, 83, 63, P0
2023/02/26 11:53:01.240, 2, GPU-37339203-98eb-eb9b-69fb-80eda424e7a1, 89, 46080, 2155, 43401, 60, 89, 63, P0
2023/02/26 11:53:06.254, 2, GPU-37339203-98eb-eb9b-69fb-80eda424e7a1, 91, 46080, 2155, 43401, 63, 91, 63, P0
2023/02/26 11:53:11.268, 2, GPU-37339203-98eb-eb9b-69fb-80eda424e7a1, 83, 46080, 2155, 43401, 54, 83, 63, P0
2023/02/26 11:53:16.283, 2, GPU-37339203-98eb-eb9b-69fb-80eda424e7a1, 91, 46080, 2155, 43401, 63, 91, 63, P0
2023/02/26 11:53:21.297, 2, GPU-37339203-98eb-eb9b-69fb-80eda424e7a1, 86, 46080, 2155, 43401, 56, 86, 63, P0
2023/02/26 11:53:26.311, 2, GPU-37339203-98eb-eb9b-69fb-80eda424e7a1, 91, 46080, 2155, 43401, 60, 91, 62, P0
2023/02/26 11:53:31.325, 2, GPU-37339203-98eb-eb9b-69fb-80eda424e7a1, 88, 46080, 2155, 43401, 59, 88, 63, P0
2023/02/26 11:53:36.339, 2, GPU-37339203-98eb-eb9b-69fb-80eda424e7a1, 90, 46080, 2155, 43401, 61, 90, 62, P0
2023/02/26 11:53:41.353, 2, GPU-37339203-98eb-eb9b-69fb-80eda424e7a1, 88, 46080, 2155, 43401, 57, 88, 63, P0
2023/02/26 11:53:46.368, 2, GPU-37339203-98eb-eb9b-69fb-80eda424e7a1, 90, 46080, 2155, 43401, 58, 90, 63, P0
2023/02/26 11:53:51.382, 2, GPU-37339203-98eb-eb9b-69fb-80eda424e7a1, 91, 46080, 2155, 43401, 61, 91, 63, P0
2023/02/26 11:53:56.396, 2, GPU-37339203-98eb-eb9b-69fb-80eda424e7a1, 87, 46080, 2155, 43401, 59, 87, 63, P0
2023/02/26 11:54:01.410, 2, GPU-37339203-98eb-eb9b-69fb-80eda424e7a1, 91, 46080, 2155, 43401, 61, 91, 63, P0
2023/02/26 11:54:06.424, 2, GPU-37339203-98eb-eb9b-69fb-80eda424e7a1, 87, 46080, 2155, 43401, 59, 87, 63, P0
2023/02/26 11:54:11.438, 2, GPU-37339203-98eb-eb9b-69fb-80eda424e7a1, 90, 46080, 2155, 43401, 62, 90, 63, P0
2023/02/26 11:54:16.452, 2, GPU-37339203-98eb-eb9b-69fb-80eda424e7a1, 89, 46080, 2155, 43401, 60, 89, 63, P0
2023/02/26 11:54:21.466, 2, GPU-37339203-98eb-eb9b-69fb-80eda424e7a1, 90, 46080, 2155, 43401, 60, 90, 63, P0
2023/02/26 11:54:26.479, 2, GPU-37339203-98eb-eb9b-69fb-80eda424e7a1, 90, 46080, 2155, 43401, 61, 90, 63, P0
2023/02/26 11:54:31.494, 2, GPU-37339203-98eb-eb9b-69fb-80eda424e7a1, 82, 46080, 2155, 43401, 54, 82, 63, P0
2023/02/26 11:54:36.508, 2, GPU-37339203-98eb-eb9b-69fb-80eda424e7a1, 85, 46080, 2155, 43401, 55, 85, 63, P0
2023/02/26 11:54:41.522, 2, GPU-37339203-98eb-eb9b-69fb-80eda424e7a1, 83, 46080, 2155, 43401, 54, 83, 63, P0
2023/02/26 11:54:46.537, 2, GPU-37339203-98eb-eb9b-69fb-80eda424e7a1, 89, 46080, 2155, 43401, 58, 89, 63, P0
2023/02/26 11:54:51.552, 2, GPU-37339203-98eb-eb9b-69fb-80eda424e7a1, 87, 46080, 2155, 43401, 56, 87, 63, P0
2023/02/26 11:54:56.566, 2, GPU-37339203-98eb-eb9b-69fb-80eda424e7a1, 87, 46080, 2155, 43401, 56, 87, 63, P0
2023/02/26 11:55:01.581, 2, GPU-37339203-98eb-eb9b-69fb-80eda424e7a1, 86, 46080, 2155, 43401, 57, 86, 63, P0
2023/02/26 11:55:06.596, 2, GPU-37339203-98eb-eb9b-69fb-80eda424e7a1, 90, 46080, 2155, 43401, 60, 90, 63, P0
2023/02/26 11:55:11.609, 2, GPU-37339203-98eb-eb9b-69fb-80eda424e7a1, 88, 46080, 2155, 43401, 58, 88, 63, P0
2023/02/26 11:55:16.624, 2, GPU-37339203-98eb-eb9b-69fb-80eda424e7a1, 88, 46080, 2155, 43401, 59, 88, 63, P0
2023/02/26 11:55:21.639, 2, GPU-37339203-98eb-eb9b-69fb-80eda424e7a1, 90, 46080, 2155, 43401, 61, 90, 63, P0
2023/02/26 11:55:26.653, 2, GPU-37339203-98eb-eb9b-69fb-80eda424e7a1, 83, 46080, 2155, 43401, 54, 83, 63, P0
2023/02/26 11:55:31.667, 2, GPU-37339203-98eb-eb9b-69fb-80eda424e7a1, 91, 46080, 2155, 43401, 60, 91, 63, P0
2023/02/26 11:55:36.681, 2, GPU-37339203-98eb-eb9b-69fb-80eda424e7a1, 90, 46080, 2155, 43401, 60, 90, 63, P0
2023/02/26 11:55:41.696, 2, GPU-37339203-98eb-eb9b-69fb-80eda424e7a1, 92, 46080, 2155, 43401, 62, 92, 63, P0
2023/02/26 11:55:46.710, 2, GPU-37339203-98eb-eb9b-69fb-80eda424e7a1, 92, 46080, 2155, 43401, 61, 92, 63, P0
2023/02/26 11:55:51.724, 2, GPU-37339203-98eb-eb9b-69fb-80eda424e7a1, 91, 46080, 2155, 43401, 62, 91, 63, P0
2023/02/26 11:55:56.739, 2, GPU-37339203-98eb-eb9b-69fb-80eda424e7a1, 81, 46080, 2155, 43401, 53, 81, 63, P0
2023/02/26 11:56:01.753, 2, GPU-37339203-98eb-eb9b-69fb-80eda424e7a1, 90, 46080, 2155, 43401, 60, 90, 63, P0
2023/02/26 11:56:06.767, 2, GPU-37339203-98eb-eb9b-69fb-80eda424e7a1, 88, 46080, 2155, 43401, 59, 88, 62, P0
2023/02/26 11:56:11.782, 2, GPU-37339203-98eb-eb9b-69fb-80eda424e7a1, 88, 46080, 2155, 43401, 60, 88, 63, P0
2023/02/26 11:56:16.797, 2, GPU-37339203-98eb-eb9b-69fb-80eda424e7a1, 89, 46080, 2155, 43401, 58, 89, 62, P0
2023/02/26 11:56:21.812, 2, GPU-37339203-98eb-eb9b-69fb-80eda424e7a1, 89, 46080, 2155, 43401, 60, 89, 63, P0
2023/02/26 11:56:26.826, 2, GPU-37339203-98eb-eb9b-69fb-80eda424e7a1, 87, 46080, 2155, 43401, 55, 87, 63, P0
2023/02/26 11:56:31.840, 2, GPU-37339203-98eb-eb9b-69fb-80eda424e7a1, 89, 46080, 2155, 43401, 60, 89, 63, P0
2023/02/26 11:56:36.854, 2, GPU-37339203-98eb-eb9b-69fb-80eda424e7a1, 91, 46080, 2155, 43401, 64, 91, 63, P0
2023/02/26 11:56:41.868, 2, GPU-37339203-98eb-eb9b-69fb-80eda424e7a1, 89, 46080, 2155, 43401, 58, 89, 63, P0
2023/02/26 11:56:46.882, 2, GPU-37339203-98eb-eb9b-69fb-80eda424e7a1, 88, 46080, 2155, 43401, 59, 88, 63, P0
2023/02/26 11:56:51.896, 2, GPU-37339203-98eb-eb9b-69fb-80eda424e7a1, 80, 46080, 2155, 43401, 53, 80, 63, P0
2023/02/26 11:56:56.909, 2, GPU-37339203-98eb-eb9b-69fb-80eda424e7a1, 90, 46080, 2155, 43401, 61, 90, 62, P0
2023/02/26 11:57:01.924, 2, GPU-37339203-98eb-eb9b-69fb-80eda424e7a1, 88, 46080, 2155, 43401, 60, 88, 63, P0
2023/02/26 11:57:06.937, 2, GPU-37339203-98eb-eb9b-69fb-80eda424e7a1, 81, 46080, 2155, 43401, 53, 81, 62, P0
2023/02/26 11:57:11.951, 2, GPU-37339203-98eb-eb9b-69fb-80eda424e7a1, 87, 46080, 2155, 43401, 60, 87, 63, P0
2023/02/26 11:57:16.966, 2, GPU-37339203-98eb-eb9b-69fb-80eda424e7a1, 88, 46080, 2155, 43401, 59, 88, 63, P0
2023/02/26 11:57:21.980, 2, GPU-37339203-98eb-eb9b-69fb-80eda424e7a1, 88, 46080, 2155, 43401, 59, 88, 62, P0
2023/02/26 11:57:26.994, 2, GPU-37339203-98eb-eb9b-69fb-80eda424e7a1, 88, 46080, 2155, 43401, 59, 88, 63, P0
2023/02/26 11:57:32.008, 2, GPU-37339203-98eb-eb9b-69fb-80eda424e7a1, 90, 46080, 2155, 43401, 60, 90, 62, P0
2023/02/26 11:57:37.024, 2, GPU-37339203-98eb-eb9b-69fb-80eda424e7a1, 88, 46080, 2155, 43401, 60, 88, 63, P0
2023/02/26 11:57:42.038, 2, GPU-37339203-98eb-eb9b-69fb-80eda424e7a1, 0, 46080, 2155, 43401, 0, 0, 56, P0
2023/02/26 11:57:47.053, 2, GPU-37339203-98eb-eb9b-69fb-80eda424e7a1, 89, 46080, 2155, 43401, 60, 89, 60, P0
2023/02/26 11:57:52.067, 2, GPU-37339203-98eb-eb9b-69fb-80eda424e7a1, 89, 46080, 2155, 43401, 59, 89, 62, P0
2023/02/26 11:57:57.081, 2, GPU-37339203-98eb-eb9b-69fb-80eda424e7a1, 88, 46080, 2155, 43401, 58, 88, 62, P0
2023/02/26 11:58:02.095, 2, GPU-37339203-98eb-eb9b-69fb-80eda424e7a1, 88, 46080, 2155, 43401, 59, 88, 62, P0
2023/02/26 11:58:07.109, 2, GPU-37339203-98eb-eb9b-69fb-80eda424e7a1, 88, 46080, 2155, 43401, 59, 88, 62, P0
2023/02/26 11:58:12.123, 2, GPU-37339203-98eb-eb9b-69fb-80eda424e7a1, 88, 46080, 2155, 43401, 57, 88, 63, P0
2023/02/26 11:58:17.137, 2, GPU-37339203-98eb-eb9b-69fb-80eda424e7a1, 88, 46080, 2155, 43401, 60, 88, 63, P0
2023/02/26 11:58:22.151, 2, GPU-37339203-98eb-eb9b-69fb-80eda424e7a1, 88, 46080, 2155, 43401, 59, 88, 62, P0
2023/02/26 11:58:27.165, 2, GPU-37339203-98eb-eb9b-69fb-80eda424e7a1, 88, 46080, 2155, 43401, 59, 88, 62, P0
2023/02/26 11:58:32.179, 2, GPU-37339203-98eb-eb9b-69fb-80eda424e7a1, 86, 46080, 2155, 43401, 56, 86, 62, P0
2023/02/26 11:58:37.193, 2, GPU-37339203-98eb-eb9b-69fb-80eda424e7a1, 84, 46080, 2155, 43401, 55, 84, 62, P0
2023/02/26 11:58:42.208, 2, GPU-37339203-98eb-eb9b-69fb-80eda424e7a1, 88, 46080, 2155, 43401, 59, 88, 63, P0
2023/02/26 11:58:47.222, 2, GPU-37339203-98eb-eb9b-69fb-80eda424e7a1, 87, 46080, 2155, 43401, 58, 87, 63, P0
2023/02/26 11:58:52.237, 2, GPU-37339203-98eb-eb9b-69fb-80eda424e7a1, 81, 46080, 2155, 43401, 53, 81, 63, P0
2023/02/26 11:58:57.251, 2, GPU-37339203-98eb-eb9b-69fb-80eda424e7a1, 87, 46080, 2155, 43401, 60, 87, 63, P0
2023/02/26 11:59:02.266, 2, GPU-37339203-98eb-eb9b-69fb-80eda424e7a1, 86, 46080, 2155, 43401, 57, 86, 63, P0
2023/02/26 11:59:07.282, 2, GPU-37339203-98eb-eb9b-69fb-80eda424e7a1, 88, 46080, 2155, 43401, 59, 88, 63, P0
2023/02/26 11:59:12.297, 2, GPU-37339203-98eb-eb9b-69fb-80eda424e7a1, 82, 46080, 2155, 43401, 53, 82, 63, P0
2023/02/26 11:59:17.310, 2, GPU-37339203-98eb-eb9b-69fb-80eda424e7a1, 89, 46080, 2155, 43401, 60, 89, 62, P0
2023/02/26 11:59:22.325, 2, GPU-37339203-98eb-eb9b-69fb-80eda424e7a1, 88, 46080, 2155, 43401, 59, 88, 62, P0
2023/02/26 11:59:27.339, 2, GPU-37339203-98eb-eb9b-69fb-80eda424e7a1, 82, 46080, 2155, 43401, 54, 82, 62, P0
2023/02/26 11:59:32.353, 2, GPU-37339203-98eb-eb9b-69fb-80eda424e7a1, 88, 46080, 2155, 43401, 60, 88, 63, P0
2023/02/26 11:59:37.367, 2, GPU-37339203-98eb-eb9b-69fb-80eda424e7a1, 88, 46080, 2155, 43401, 59, 88, 63, P0
2023/02/26 11:59:42.381, 2, GPU-37339203-98eb-eb9b-69fb-80eda424e7a1, 89, 46080, 2155, 43401, 60, 89, 63, P0
2023/02/26 11:59:47.395, 2, GPU-37339203-98eb-eb9b-69fb-80eda424e7a1, 82, 46080, 2155, 43401, 53, 82, 63, P0
2023/02/26 11:59:52.409, 2, GPU-37339203-98eb-eb9b-69fb-80eda424e7a1, 88, 46080, 2155, 43401, 60, 88, 63, P0
2023/02/26 11:59:57.423, 2, GPU-37339203-98eb-eb9b-69fb-80eda424e7a1, 88, 46080, 2155, 43401, 57, 88, 63, P0
2023/02/26 12:00:02.437, 2, GPU-37339203-98eb-eb9b-69fb-80eda424e7a1, 82, 46080, 2155, 43401, 54, 82, 62, P0
2023/02/26 12:00:07.451, 2, GPU-37339203-98eb-eb9b-69fb-80eda424e7a1, 88, 46080, 2155, 43401, 61, 88, 63, P0
2023/02/26 12:00:12.465, 2, GPU-37339203-98eb-eb9b-69fb-80eda424e7a1, 88, 46080, 2155, 43401, 58, 88, 63, P0
2023/02/26 12:00:17.479, 2, GPU-37339203-98eb-eb9b-69fb-80eda424e7a1, 88, 46080, 2155, 43401, 58, 88, 63, P0
2023/02/26 12:00:22.493, 2, GPU-37339203-98eb-eb9b-69fb-80eda424e7a1, 87, 46080, 2155, 43401, 59, 87, 63, P0
2023/02/26 12:00:27.508, 2, GPU-37339203-98eb-eb9b-69fb-80eda424e7a1, 88, 46080, 2155, 43401, 57, 88, 63, P0
2023/02/26 12:00:32.522, 2, GPU-37339203-98eb-eb9b-69fb-80eda424e7a1, 88, 46080, 2155, 43401, 60, 88, 63, P0
2023/02/26 12:00:37.536, 2, GPU-37339203-98eb-eb9b-69fb-80eda424e7a1, 88, 46080, 2155, 43401, 59, 88, 63, P0
2023/02/26 12:00:42.550, 2, GPU-37339203-98eb-eb9b-69fb-80eda424e7a1, 82, 46080, 2155, 43401, 53, 82, 63, P0
2023/02/26 12:00:47.564, 2, GPU-37339203-98eb-eb9b-69fb-80eda424e7a1, 92, 46080, 2155, 43401, 62, 92, 63, P0
2023/02/26 12:00:52.579, 2, GPU-37339203-98eb-eb9b-69fb-80eda424e7a1, 83, 46080, 2155, 43401, 53, 83, 62, P0
2023/02/26 12:00:57.593, 2, GPU-37339203-98eb-eb9b-69fb-80eda424e7a1, 90, 46080, 2155, 43401, 60, 90, 63, P0
2023/02/26 12:01:02.608, 2, GPU-37339203-98eb-eb9b-69fb-80eda424e7a1, 88, 46080, 2155, 43401, 60, 88, 62, P0
2023/02/26 12:01:07.624, 2, GPU-37339203-98eb-eb9b-69fb-80eda424e7a1, 81, 46080, 2155, 43401, 53, 81, 63, P0
2023/02/26 12:01:12.639, 2, GPU-37339203-98eb-eb9b-69fb-80eda424e7a1, 89, 46080, 2155, 43401, 58, 89, 63, P0
2023/02/26 12:01:17.653, 2, GPU-37339203-98eb-eb9b-69fb-80eda424e7a1, 88, 46080, 2155, 43401, 58, 88, 63, P0
2023/02/26 12:01:22.666, 2, GPU-37339203-98eb-eb9b-69fb-80eda424e7a1, 90, 46080, 2155, 43401, 63, 90, 63, P0
2023/02/26 12:01:27.681, 2, GPU-37339203-98eb-eb9b-69fb-80eda424e7a1, 85, 46080, 2155, 43401, 56, 85, 63, P0
2023/02/26 12:01:32.695, 2, GPU-37339203-98eb-eb9b-69fb-80eda424e7a1, 89, 46080, 2155, 43401, 59, 89, 62, P0
2023/02/26 12:01:37.709, 2, GPU-37339203-98eb-eb9b-69fb-80eda424e7a1, 87, 46080, 2155, 43401, 57, 87, 63, P0
2023/02/26 12:01:42.723, 2, GPU-37339203-98eb-eb9b-69fb-80eda424e7a1, 89, 46080, 2155, 43401, 62, 89, 63, P0
2023/02/26 12:01:47.737, 2, GPU-37339203-98eb-eb9b-69fb-80eda424e7a1, 89, 46080, 2155, 43401, 59, 89, 63, P0
2023/02/26 12:01:52.751, 2, GPU-37339203-98eb-eb9b-69fb-80eda424e7a1, 81, 46080, 2155, 43401, 53, 81, 63, P0
2023/02/26 12:01:57.766, 2, GPU-37339203-98eb-eb9b-69fb-80eda424e7a1, 89, 46080, 2155, 43401, 61, 89, 63, P0
2023/02/26 12:02:02.781, 2, GPU-37339203-98eb-eb9b-69fb-80eda424e7a1, 88, 46080, 2155, 43401, 59, 88, 62, P0
2023/02/26 12:02:07.795, 2, GPU-37339203-98eb-eb9b-69fb-80eda424e7a1, 82, 46080, 2155, 43401, 53, 82, 63, P0
2023/02/26 12:02:12.809, 2, GPU-37339203-98eb-eb9b-69fb-80eda424e7a1, 89, 46080, 2155, 43401, 62, 89, 63, P0
2023/02/26 12:02:17.823, 2, GPU-37339203-98eb-eb9b-69fb-80eda424e7a1, 91, 46080, 2155, 43401, 61, 91, 63, P0
2023/02/26 12:02:22.837, 2, GPU-37339203-98eb-eb9b-69fb-80eda424e7a1, 88, 46080, 2155, 43401, 58, 88, 63, P0
2023/02/26 12:02:27.852, 2, GPU-37339203-98eb-eb9b-69fb-80eda424e7a1, 88, 46080, 2155, 43401, 59, 88, 63, P0
2023/02/26 12:02:32.866, 2, GPU-37339203-98eb-eb9b-69fb-80eda424e7a1, 82, 46080, 2155, 43401, 54, 82, 63, P0
2023/02/26 12:02:37.880, 2, GPU-37339203-98eb-eb9b-69fb-80eda424e7a1, 90, 46080, 2155, 43401, 60, 90, 63, P0
2023/02/26 12:02:42.894, 2, GPU-37339203-98eb-eb9b-69fb-80eda424e7a1, 88, 46080, 2155, 43401, 61, 88, 63, P0
2023/02/26 12:02:47.908, 2, GPU-37339203-98eb-eb9b-69fb-80eda424e7a1, 90, 46080, 2155, 43401, 59, 90, 63, P0
2023/02/26 12:02:52.923, 2, GPU-37339203-98eb-eb9b-69fb-80eda424e7a1, 90, 46080, 2155, 43401, 60, 90, 62, P0
2023/02/26 12:02:57.937, 2, GPU-37339203-98eb-eb9b-69fb-80eda424e7a1, 89, 46080, 2155, 43401, 59, 89, 63, P0
2023/02/26 12:03:02.971, 2, GPU-37339203-98eb-eb9b-69fb-80eda424e7a1, 88, 46080, 2155, 43401, 58, 88, 63, P0
2023/02/26 12:03:07.985, 2, GPU-37339203-98eb-eb9b-69fb-80eda424e7a1, 82, 46080, 2155, 43401, 53, 82, 62, P0
2023/02/26 12:03:12.999, 2, GPU-37339203-98eb-eb9b-69fb-80eda424e7a1, 89, 46080, 2155, 43401, 60, 89, 63, P0
2023/02/26 12:03:18.014, 2, GPU-37339203-98eb-eb9b-69fb-80eda424e7a1, 81, 46080, 2155, 43401, 53, 81, 63, P0
2023/02/26 12:03:23.028, 2, GPU-37339203-98eb-eb9b-69fb-80eda424e7a1, 90, 46080, 2155, 43401, 60, 90, 62, P0
2023/02/26 12:03:28.042, 2, GPU-37339203-98eb-eb9b-69fb-80eda424e7a1, 81, 46080, 2155, 43401, 53, 81, 63, P0
2023/02/26 12:03:33.056, 2, GPU-37339203-98eb-eb9b-69fb-80eda424e7a1, 89, 46080, 2155, 43401, 59, 89, 63, P0
2023/02/26 12:03:38.070, 2, GPU-37339203-98eb-eb9b-69fb-80eda424e7a1, 87, 46080, 2155, 43401, 56, 87, 63, P0
2023/02/26 12:03:43.084, 2, GPU-37339203-98eb-eb9b-69fb-80eda424e7a1, 88, 46080, 2155, 43401, 60, 88, 63, P0
2023/02/26 12:03:48.098, 2, GPU-37339203-98eb-eb9b-69fb-80eda424e7a1, 86, 46080, 2155, 43401, 55, 86, 63, P0
2023/02/26 12:03:53.113, 2, GPU-37339203-98eb-eb9b-69fb-80eda424e7a1, 87, 46080, 2155, 43401, 59, 87, 63, P0
2023/02/26 12:03:58.127, 2, GPU-37339203-98eb-eb9b-69fb-80eda424e7a1, 83, 46080, 2155, 43401, 54, 83, 63, P0
2023/02/26 12:04:03.141, 2, GPU-37339203-98eb-eb9b-69fb-80eda424e7a1, 89, 46080, 2155, 43401, 61, 89, 63, P0
2023/02/26 12:04:08.156, 2, GPU-37339203-98eb-eb9b-69fb-80eda424e7a1, 90, 46080, 2155, 43401, 61, 90, 62, P0
2023/02/26 12:04:13.170, 2, GPU-37339203-98eb-eb9b-69fb-80eda424e7a1, 90, 46080, 2155, 43401, 60, 90, 63, P0
2023/02/26 12:04:18.185, 2, GPU-37339203-98eb-eb9b-69fb-80eda424e7a1, 92, 46080, 2155, 43401, 65, 92, 63, P0
2023/02/26 12:04:23.200, 2, GPU-37339203-98eb-eb9b-69fb-80eda424e7a1, 89, 46080, 2155, 43401, 61, 89, 63, P0
2023/02/26 12:04:28.214, 2, GPU-37339203-98eb-eb9b-69fb-80eda424e7a1, 81, 46080, 2155, 43401, 54, 81, 62, P0
2023/02/26 12:04:33.228, 2, GPU-37339203-98eb-eb9b-69fb-80eda424e7a1, 89, 46080, 2155, 43401, 60, 89, 63, P0
2023/02/26 12:04:38.242, 2, GPU-37339203-98eb-eb9b-69fb-80eda424e7a1, 84, 46080, 2155, 43401, 55, 84, 63, P0
2023/02/26 12:04:43.257, 2, GPU-37339203-98eb-eb9b-69fb-80eda424e7a1, 90, 46080, 2155, 43401, 60, 90, 63, P0
2023/02/26 12:04:48.272, 2, GPU-37339203-98eb-eb9b-69fb-80eda424e7a1, 89, 46080, 2155, 43401, 60, 89, 62, P0
2023/02/26 12:04:53.286, 2, GPU-37339203-98eb-eb9b-69fb-80eda424e7a1, 90, 46080, 2155, 43401, 60, 90, 63, P0
2023/02/26 12:04:58.301, 2, GPU-37339203-98eb-eb9b-69fb-80eda424e7a1, 90, 46080, 2155, 43401, 63, 90, 63, P0
2023/02/26 12:05:03.315, 2, GPU-37339203-98eb-eb9b-69fb-80eda424e7a1, 92, 46080, 2155, 43401, 62, 92, 62, P0
2023/02/26 12:05:08.329, 2, GPU-37339203-98eb-eb9b-69fb-80eda424e7a1, 87, 46080, 2155, 43401, 56, 87, 63, P0
2023/02/26 12:05:13.343, 2, GPU-37339203-98eb-eb9b-69fb-80eda424e7a1, 91, 46080, 2155, 43401, 59, 91, 64, P0
2023/02/26 12:05:18.357, 2, GPU-37339203-98eb-eb9b-69fb-80eda424e7a1, 89, 46080, 2155, 43401, 59, 89, 63, P0
2023/02/26 12:05:23.371, 2, GPU-37339203-98eb-eb9b-69fb-80eda424e7a1, 88, 46080, 2155, 43401, 61, 88, 63, P0
2023/02/26 12:05:28.386, 2, GPU-37339203-98eb-eb9b-69fb-80eda424e7a1, 88, 46080, 2155, 43401, 59, 88, 63, P0
2023/02/26 12:05:33.400, 2, GPU-37339203-98eb-eb9b-69fb-80eda424e7a1, 89, 46080, 2155, 43401, 58, 89, 63, P0
2023/02/26 12:05:38.414, 2, GPU-37339203-98eb-eb9b-69fb-80eda424e7a1, 89, 46080, 2155, 43401, 59, 89, 63, P0
2023/02/26 12:05:43.429, 2, GPU-37339203-98eb-eb9b-69fb-80eda424e7a1, 88, 46080, 2155, 43401, 61, 88, 63, P0
2023/02/26 12:05:48.443, 2, GPU-37339203-98eb-eb9b-69fb-80eda424e7a1, 84, 46080, 2155, 43401, 54, 84, 63, P0
2023/02/26 12:05:53.457, 2, GPU-37339203-98eb-eb9b-69fb-80eda424e7a1, 89, 46080, 2155, 43401, 60, 89, 63, P0
2023/02/26 12:05:58.471, 2, GPU-37339203-98eb-eb9b-69fb-80eda424e7a1, 86, 46080, 2155, 43401, 59, 86, 62, P0
2023/02/26 12:06:03.485, 2, GPU-37339203-98eb-eb9b-69fb-80eda424e7a1, 83, 46080, 2155, 43401, 54, 83, 63, P0
2023/02/26 12:06:08.500, 2, GPU-37339203-98eb-eb9b-69fb-80eda424e7a1, 85, 46080, 2155, 43401, 55, 85, 63, P0
2023/02/26 12:06:13.514, 2, GPU-37339203-98eb-eb9b-69fb-80eda424e7a1, 89, 46080, 2155, 43401, 59, 89, 63, P0
2023/02/26 12:06:18.528, 2, GPU-37339203-98eb-eb9b-69fb-80eda424e7a1, 88, 46080, 2155, 43401, 59, 88, 63, P0
2023/02/26 12:06:23.542, 2, GPU-37339203-98eb-eb9b-69fb-80eda424e7a1, 82, 46080, 2155, 43401, 53, 82, 63, P0
2023/02/26 12:06:28.557, 2, GPU-37339203-98eb-eb9b-69fb-80eda424e7a1, 89, 46080, 2155, 43401, 60, 89, 63, P0
2023/02/26 12:06:33.571, 2, GPU-37339203-98eb-eb9b-69fb-80eda424e7a1, 88, 46080, 2155, 43401, 60, 88, 63, P0
2023/02/26 12:06:38.585, 2, GPU-37339203-98eb-eb9b-69fb-80eda424e7a1, 83, 46080, 2155, 43401, 54, 83, 63, P0
2023/02/26 12:06:43.599, 2, GPU-37339203-98eb-eb9b-69fb-80eda424e7a1, 92, 46080, 2155, 43401, 61, 92, 63, P0
2023/02/26 12:06:48.614, 2, GPU-37339203-98eb-eb9b-69fb-80eda424e7a1, 89, 46080, 2155, 43401, 61, 89, 63, P0
2023/02/26 12:06:53.628, 2, GPU-37339203-98eb-eb9b-69fb-80eda424e7a1, 81, 46080, 2155, 43401, 54, 81, 63, P0
2023/02/26 12:06:58.643, 2, GPU-37339203-98eb-eb9b-69fb-80eda424e7a1, 88, 46080, 2155, 43401, 57, 88, 63, P0
2023/02/26 12:07:03.657, 2, GPU-37339203-98eb-eb9b-69fb-80eda424e7a1, 88, 46080, 2155, 43401, 59, 88, 63, P0
2023/02/26 12:07:08.671, 2, GPU-37339203-98eb-eb9b-69fb-80eda424e7a1, 87, 46080, 2155, 43401, 58, 87, 63, P0
2023/02/26 12:07:13.685, 2, GPU-37339203-98eb-eb9b-69fb-80eda424e7a1, 0, 46080, 2155, 43401, 0, 0, 57, P0
2023/02/26 12:07:18.700, 2, GPU-37339203-98eb-eb9b-69fb-80eda424e7a1, 88, 46080, 2155, 43401, 58, 88, 61, P0
2023/02/26 12:07:23.715, 2, GPU-37339203-98eb-eb9b-69fb-80eda424e7a1, 86, 46080, 2155, 43401, 60, 86, 61, P0
2023/02/26 12:07:28.730, 2, GPU-37339203-98eb-eb9b-69fb-80eda424e7a1, 87, 46080, 2155, 43401, 58, 87, 60, P0
2023/02/26 12:07:33.744, 2, GPU-37339203-98eb-eb9b-69fb-80eda424e7a1, 89, 46080, 2155, 43401, 61, 89, 62, P0
2023/02/26 12:07:38.759, 2, GPU-37339203-98eb-eb9b-69fb-80eda424e7a1, 89, 46080, 2155, 43401, 59, 89, 61, P0
2023/02/26 12:07:43.773, 2, GPU-37339203-98eb-eb9b-69fb-80eda424e7a1, 86, 46080, 2155, 43401, 58, 86, 62, P0
2023/02/26 12:07:48.787, 2, GPU-37339203-98eb-eb9b-69fb-80eda424e7a1, 88, 46080, 2155, 43401, 60, 88, 62, P0
2023/02/26 12:07:53.802, 2, GPU-37339203-98eb-eb9b-69fb-80eda424e7a1, 89, 46080, 2155, 43401, 60, 89, 62, P0
2023/02/26 12:07:58.816, 2, GPU-37339203-98eb-eb9b-69fb-80eda424e7a1, 84, 46080, 2155, 43401, 54, 84, 62, P0
2023/02/26 12:08:03.831, 2, GPU-37339203-98eb-eb9b-69fb-80eda424e7a1, 89, 46080, 2155, 43401, 60, 89, 62, P0
2023/02/26 12:08:08.846, 2, GPU-37339203-98eb-eb9b-69fb-80eda424e7a1, 86, 46080, 2155, 43401, 56, 86, 60, P0
2023/02/26 12:08:13.860, 2, GPU-37339203-98eb-eb9b-69fb-80eda424e7a1, 88, 46080, 2155, 43401, 58, 88, 61, P0
2023/02/26 12:08:18.876, 2, GPU-37339203-98eb-eb9b-69fb-80eda424e7a1, 90, 46080, 2155, 43401, 60, 90, 62, P0
2023/02/26 12:08:23.890, 2, GPU-37339203-98eb-eb9b-69fb-80eda424e7a1, 88, 46080, 2155, 43401, 61, 88, 62, P0
2023/02/26 12:08:28.904, 2, GPU-37339203-98eb-eb9b-69fb-80eda424e7a1, 88, 46080, 2155, 43401, 60, 88, 62, P0
2023/02/26 12:08:33.921, 2, GPU-37339203-98eb-eb9b-69fb-80eda424e7a1, 89, 46080, 2155, 43401, 59, 89, 61, P0
2023/02/26 12:08:38.936, 2, GPU-37339203-98eb-eb9b-69fb-80eda424e7a1, 87, 46080, 2155, 43401, 59, 87, 62, P0
2023/02/26 12:08:43.951, 2, GPU-37339203-98eb-eb9b-69fb-80eda424e7a1, 89, 46080, 2155, 43401, 60, 89, 63, P0
2023/02/26 12:08:48.966, 2, GPU-37339203-98eb-eb9b-69fb-80eda424e7a1, 82, 46080, 2155, 43401, 54, 82, 63, P0
2023/02/26 12:08:53.980, 2, GPU-37339203-98eb-eb9b-69fb-80eda424e7a1, 90, 46080, 2155, 43401, 61, 90, 63, P0
2023/02/26 12:08:58.994, 2, GPU-37339203-98eb-eb9b-69fb-80eda424e7a1, 90, 46080, 2155, 43401, 61, 90, 62, P0
2023/02/26 12:09:04.008, 2, GPU-37339203-98eb-eb9b-69fb-80eda424e7a1, 89, 46080, 2155, 43401, 59, 89, 63, P0
2023/02/26 12:09:09.023, 2, GPU-37339203-98eb-eb9b-69fb-80eda424e7a1, 92, 46080, 2155, 43401, 64, 92, 63, P0
2023/02/26 12:09:14.037, 2, GPU-37339203-98eb-eb9b-69fb-80eda424e7a1, 0, 46080, 2155, 43401, 0, 0, 57, P0
2023/02/26 12:09:19.051, 2, GPU-37339203-98eb-eb9b-69fb-80eda424e7a1, 90, 46080, 2155, 43401, 59, 90, 62, P0
2023/02/26 12:09:24.066, 2, GPU-37339203-98eb-eb9b-69fb-80eda424e7a1, 89, 46080, 2155, 43401, 60, 89, 62, P0
2023/02/26 12:09:29.081, 2, GPU-37339203-98eb-eb9b-69fb-80eda424e7a1, 90, 46080, 2155, 43401, 60, 90, 62, P0
2023/02/26 12:09:34.095, 2, GPU-37339203-98eb-eb9b-69fb-80eda424e7a1, 89, 46080, 2155, 43401, 61, 89, 63, P0
2023/02/26 12:09:39.109, 2, GPU-37339203-98eb-eb9b-69fb-80eda424e7a1, 89, 46080, 2155, 43401, 62, 89, 63, P0
2023/02/26 12:09:44.124, 2, GPU-37339203-98eb-eb9b-69fb-80eda424e7a1, 89, 46080, 2155, 43401, 60, 89, 62, P0
2023/02/26 12:09:49.139, 2, GPU-37339203-98eb-eb9b-69fb-80eda424e7a1, 91, 46080, 2155, 43401, 61, 91, 63, P0
2023/02/26 12:09:54.154, 2, GPU-37339203-98eb-eb9b-69fb-80eda424e7a1, 89, 46080, 2155, 43401, 59, 89, 63, P0
2023/02/26 12:09:59.168, 2, GPU-37339203-98eb-eb9b-69fb-80eda424e7a1, 0, 46080, 1903, 43653, 0, 0, 58, P0
