2023/02/25 11:23:22.858, 0, GPU-f5866ded-ec74-64cb-a87c-affb24baff01, 0, 46080, 0, 45556, 0, 0, 42, P8
2023/02/25 11:23:27.872, 0, GPU-f5866ded-ec74-64cb-a87c-affb24baff01, 0, 46080, 3, 45553, 0, 0, 41, P8
2023/02/25 11:23:32.886, 0, GPU-f5866ded-ec74-64cb-a87c-affb24baff01, 0, 46080, 3, 45553, 0, 0, 40, P8
2023/02/25 11:23:37.900, 0, GPU-f5866ded-ec74-64cb-a87c-affb24baff01, 0, 46080, 3, 45553, 0, 0, 40, P8
2023/02/25 11:23:42.915, 0, GPU-f5866ded-ec74-64cb-a87c-affb24baff01, 0, 46080, 3, 45553, 0, 0, 39, P8
2023/02/25 11:23:47.928, 0, GPU-f5866ded-ec74-64cb-a87c-affb24baff01, 0, 46080, 3, 45553, 0, 0, 39, P8
2023/02/25 11:23:52.942, 0, GPU-f5866ded-ec74-64cb-a87c-affb24baff01, 0, 46080, 3, 45553, 0, 0, 38, P8
2023/02/25 11:23:57.955, 0, GPU-f5866ded-ec74-64cb-a87c-affb24baff01, 0, 46080, 3, 45553, 0, 0, 38, P8
2023/02/25 11:24:02.969, 0, GPU-f5866ded-ec74-64cb-a87c-affb24baff01, 0, 46080, 3, 45553, 0, 0, 37, P8
2023/02/25 11:24:07.982, 0, GPU-f5866ded-ec74-64cb-a87c-affb24baff01, 0, 46080, 3, 45553, 0, 0, 37, P8
2023/02/25 11:24:12.996, 0, GPU-f5866ded-ec74-64cb-a87c-affb24baff01, 0, 46080, 3, 45553, 0, 0, 36, P8
2023/02/25 11:24:18.010, 0, GPU-f5866ded-ec74-64cb-a87c-affb24baff01, 0, 46080, 3, 45553, 0, 0, 36, P8
2023/02/25 11:24:23.024, 0, GPU-f5866ded-ec74-64cb-a87c-affb24baff01, 0, 46080, 3, 45553, 0, 0, 35, P8
2023/02/25 11:24:28.038, 0, GPU-f5866ded-ec74-64cb-a87c-affb24baff01, 0, 46080, 3, 45553, 0, 0, 35, P8
2023/02/25 11:24:33.051, 0, GPU-f5866ded-ec74-64cb-a87c-affb24baff01, 0, 46080, 3, 45553, 0, 0, 35, P8
2023/02/25 11:24:38.065, 0, GPU-f5866ded-ec74-64cb-a87c-affb24baff01, 0, 46080, 3, 45553, 0, 0, 34, P8
2023/02/25 11:24:43.079, 0, GPU-f5866ded-ec74-64cb-a87c-affb24baff01, 0, 46080, 3, 45553, 0, 0, 34, P8
2023/02/25 11:24:48.093, 0, GPU-f5866ded-ec74-64cb-a87c-affb24baff01, 0, 46080, 3, 45553, 0, 0, 34, P8
2023/02/25 11:24:53.106, 0, GPU-f5866ded-ec74-64cb-a87c-affb24baff01, 0, 46080, 3, 45553, 0, 0, 34, P8
2023/02/25 11:24:58.120, 0, GPU-f5866ded-ec74-64cb-a87c-affb24baff01, 0, 46080, 3, 45553, 0, 0, 33, P8
2023/02/25 11:25:03.135, 0, GPU-f5866ded-ec74-64cb-a87c-affb24baff01, 0, 46080, 3, 45553, 0, 0, 33, P8
2023/02/25 11:25:08.149, 0, GPU-f5866ded-ec74-64cb-a87c-affb24baff01, 0, 46080, 3, 45553, 0, 0, 33, P8
2023/02/25 11:25:13.163, 0, GPU-f5866ded-ec74-64cb-a87c-affb24baff01, 0, 46080, 3, 45553, 0, 0, 32, P8
2023/02/25 11:25:18.176, 0, GPU-f5866ded-ec74-64cb-a87c-affb24baff01, 0, 46080, 3, 45553, 0, 0, 32, P8
2023/02/25 11:25:23.190, 0, GPU-f5866ded-ec74-64cb-a87c-affb24baff01, 0, 46080, 3, 45553, 0, 0, 32, P8
2023/02/25 11:25:28.204, 0, GPU-f5866ded-ec74-64cb-a87c-affb24baff01, 0, 46080, 3, 45553, 0, 0, 32, P8
2023/02/25 11:25:33.218, 0, GPU-f5866ded-ec74-64cb-a87c-affb24baff01, 0, 46080, 3, 45553, 0, 0, 32, P8
2023/02/25 11:25:38.232, 0, GPU-f5866ded-ec74-64cb-a87c-affb24baff01, 0, 46080, 3, 45553, 0, 0, 31, P8
2023/02/25 11:25:43.245, 0, GPU-f5866ded-ec74-64cb-a87c-affb24baff01, 0, 46080, 3, 45553, 0, 0, 31, P8
2023/02/25 11:25:48.259, 0, GPU-f5866ded-ec74-64cb-a87c-affb24baff01, 0, 46080, 3, 45553, 0, 0, 31, P8
2023/02/25 11:25:53.273, 0, GPU-f5866ded-ec74-64cb-a87c-affb24baff01, 0, 46080, 3, 45553, 0, 0, 31, P8
2023/02/25 11:25:58.286, 0, GPU-f5866ded-ec74-64cb-a87c-affb24baff01, 0, 46080, 3, 45553, 0, 0, 31, P8
2023/02/25 11:26:03.300, 0, GPU-f5866ded-ec74-64cb-a87c-affb24baff01, 0, 46080, 3, 45553, 0, 0, 31, P8
2023/02/25 11:26:08.314, 0, GPU-f5866ded-ec74-64cb-a87c-affb24baff01, 0, 46080, 3, 45553, 0, 0, 30, P8
2023/02/25 11:26:13.329, 0, GPU-f5866ded-ec74-64cb-a87c-affb24baff01, 2, 46080, 283, 45273, 0, 2, 31, P0
2023/02/25 11:26:18.344, 0, GPU-f5866ded-ec74-64cb-a87c-affb24baff01, 1, 46080, 1011, 44545, 0, 1, 32, P0
2023/02/25 11:26:23.358, 0, GPU-f5866ded-ec74-64cb-a87c-affb24baff01, 1, 46080, 1379, 44177, 0, 1, 33, P0
2023/02/25 11:26:28.372, 0, GPU-f5866ded-ec74-64cb-a87c-affb24baff01, 87, 46080, 2387, 43169, 64, 87, 41, P0
2023/02/25 11:26:33.386, 0, GPU-f5866ded-ec74-64cb-a87c-affb24baff01, 89, 46080, 2387, 43169, 67, 89, 44, P0
2023/02/25 11:26:38.400, 0, GPU-f5866ded-ec74-64cb-a87c-affb24baff01, 89, 46080, 2387, 43169, 66, 89, 46, P0
2023/02/25 11:26:43.415, 0, GPU-f5866ded-ec74-64cb-a87c-affb24baff01, 91, 46080, 2387, 43169, 68, 91, 49, P0
2023/02/25 11:26:48.428, 0, GPU-f5866ded-ec74-64cb-a87c-affb24baff01, 92, 46080, 2387, 43169, 70, 92, 51, P0
2023/02/25 11:26:53.442, 0, GPU-f5866ded-ec74-64cb-a87c-affb24baff01, 87, 46080, 2387, 43169, 65, 87, 52, P0
2023/02/25 11:26:58.456, 0, GPU-f5866ded-ec74-64cb-a87c-affb24baff01, 90, 46080, 2387, 43169, 68, 90, 54, P0
2023/02/25 11:27:03.471, 0, GPU-f5866ded-ec74-64cb-a87c-affb24baff01, 91, 46080, 2387, 43169, 68, 91, 55, P0
2023/02/25 11:27:08.485, 0, GPU-f5866ded-ec74-64cb-a87c-affb24baff01, 91, 46080, 2387, 43169, 67, 91, 57, P0
2023/02/25 11:27:13.499, 0, GPU-f5866ded-ec74-64cb-a87c-affb24baff01, 93, 46080, 2387, 43169, 70, 93, 58, P0
2023/02/25 11:27:18.512, 0, GPU-f5866ded-ec74-64cb-a87c-affb24baff01, 89, 46080, 2387, 43169, 67, 89, 59, P0
2023/02/25 11:27:23.526, 0, GPU-f5866ded-ec74-64cb-a87c-affb24baff01, 89, 46080, 2387, 43169, 66, 89, 60, P0
2023/02/25 11:27:28.540, 0, GPU-f5866ded-ec74-64cb-a87c-affb24baff01, 89, 46080, 2387, 43169, 66, 89, 61, P0
2023/02/25 11:27:33.555, 0, GPU-f5866ded-ec74-64cb-a87c-affb24baff01, 89, 46080, 2387, 43169, 65, 89, 61, P0
2023/02/25 11:27:38.569, 0, GPU-f5866ded-ec74-64cb-a87c-affb24baff01, 92, 46080, 2387, 43169, 70, 92, 61, P0
2023/02/25 11:27:43.583, 0, GPU-f5866ded-ec74-64cb-a87c-affb24baff01, 94, 46080, 2387, 43169, 70, 94, 62, P0
2023/02/25 11:27:48.596, 0, GPU-f5866ded-ec74-64cb-a87c-affb24baff01, 89, 46080, 2387, 43169, 67, 89, 63, P0
2023/02/25 11:27:53.610, 0, GPU-f5866ded-ec74-64cb-a87c-affb24baff01, 88, 46080, 2387, 43169, 66, 88, 63, P0
2023/02/25 11:27:58.624, 0, GPU-f5866ded-ec74-64cb-a87c-affb24baff01, 88, 46080, 2387, 43169, 64, 88, 64, P0
2023/02/25 11:28:03.638, 0, GPU-f5866ded-ec74-64cb-a87c-affb24baff01, 93, 46080, 2387, 43169, 70, 93, 64, P0
2023/02/25 11:28:08.652, 0, GPU-f5866ded-ec74-64cb-a87c-affb24baff01, 87, 46080, 2387, 43169, 65, 87, 64, P0
2023/02/25 11:28:13.666, 0, GPU-f5866ded-ec74-64cb-a87c-affb24baff01, 89, 46080, 2387, 43169, 65, 89, 65, P0
2023/02/25 11:28:18.681, 0, GPU-f5866ded-ec74-64cb-a87c-affb24baff01, 90, 46080, 2387, 43169, 66, 90, 64, P0
2023/02/25 11:28:23.695, 0, GPU-f5866ded-ec74-64cb-a87c-affb24baff01, 87, 46080, 2387, 43169, 67, 87, 65, P0
2023/02/25 11:28:28.709, 0, GPU-f5866ded-ec74-64cb-a87c-affb24baff01, 89, 46080, 2387, 43169, 66, 89, 65, P0
2023/02/25 11:28:33.723, 0, GPU-f5866ded-ec74-64cb-a87c-affb24baff01, 89, 46080, 2387, 43169, 65, 89, 65, P0
2023/02/25 11:28:38.737, 0, GPU-f5866ded-ec74-64cb-a87c-affb24baff01, 89, 46080, 2387, 43169, 65, 89, 65, P0
2023/02/25 11:28:43.750, 0, GPU-f5866ded-ec74-64cb-a87c-affb24baff01, 92, 46080, 2387, 43169, 68, 92, 64, P0
2023/02/25 11:28:48.764, 0, GPU-f5866ded-ec74-64cb-a87c-affb24baff01, 86, 46080, 2387, 43169, 62, 86, 65, P0
2023/02/25 11:28:53.779, 0, GPU-f5866ded-ec74-64cb-a87c-affb24baff01, 91, 46080, 2387, 43169, 68, 91, 65, P0
2023/02/25 11:28:58.793, 0, GPU-f5866ded-ec74-64cb-a87c-affb24baff01, 89, 46080, 2387, 43169, 66, 89, 65, P0
2023/02/25 11:29:03.807, 0, GPU-f5866ded-ec74-64cb-a87c-affb24baff01, 89, 46080, 2387, 43169, 66, 89, 65, P0
2023/02/25 11:29:08.821, 0, GPU-f5866ded-ec74-64cb-a87c-affb24baff01, 89, 46080, 2387, 43169, 66, 89, 65, P0
2023/02/25 11:29:13.835, 0, GPU-f5866ded-ec74-64cb-a87c-affb24baff01, 89, 46080, 2387, 43169, 65, 89, 65, P0
2023/02/25 11:29:18.849, 0, GPU-f5866ded-ec74-64cb-a87c-affb24baff01, 88, 46080, 2387, 43169, 67, 88, 65, P0
2023/02/25 11:29:23.864, 0, GPU-f5866ded-ec74-64cb-a87c-affb24baff01, 89, 46080, 2387, 43169, 66, 89, 65, P0
2023/02/25 11:29:28.878, 0, GPU-f5866ded-ec74-64cb-a87c-affb24baff01, 89, 46080, 2387, 43169, 66, 89, 65, P0
2023/02/25 11:29:33.891, 0, GPU-f5866ded-ec74-64cb-a87c-affb24baff01, 87, 46080, 2387, 43169, 64, 87, 65, P0
2023/02/25 11:29:38.906, 0, GPU-f5866ded-ec74-64cb-a87c-affb24baff01, 87, 46080, 2387, 43169, 64, 87, 64, P0
2023/02/25 11:29:43.920, 0, GPU-f5866ded-ec74-64cb-a87c-affb24baff01, 87, 46080, 2387, 43169, 64, 87, 65, P0
2023/02/25 11:29:48.934, 0, GPU-f5866ded-ec74-64cb-a87c-affb24baff01, 87, 46080, 2387, 43169, 65, 87, 64, P0
2023/02/25 11:29:53.948, 0, GPU-f5866ded-ec74-64cb-a87c-affb24baff01, 89, 46080, 2387, 43169, 65, 89, 65, P0
2023/02/25 11:29:58.962, 0, GPU-f5866ded-ec74-64cb-a87c-affb24baff01, 89, 46080, 2387, 43169, 66, 89, 64, P0
2023/02/25 11:30:03.976, 0, GPU-f5866ded-ec74-64cb-a87c-affb24baff01, 89, 46080, 2387, 43169, 66, 89, 64, P0
2023/02/25 11:30:08.990, 0, GPU-f5866ded-ec74-64cb-a87c-affb24baff01, 91, 46080, 2387, 43169, 67, 91, 64, P0
2023/02/25 11:30:14.004, 0, GPU-f5866ded-ec74-64cb-a87c-affb24baff01, 91, 46080, 2387, 43169, 68, 91, 64, P0
2023/02/25 11:30:19.018, 0, GPU-f5866ded-ec74-64cb-a87c-affb24baff01, 89, 46080, 2387, 43169, 65, 89, 63, P0
2023/02/25 11:30:24.032, 0, GPU-f5866ded-ec74-64cb-a87c-affb24baff01, 89, 46080, 2387, 43169, 66, 89, 64, P0
2023/02/25 11:30:29.046, 0, GPU-f5866ded-ec74-64cb-a87c-affb24baff01, 90, 46080, 2387, 43169, 66, 90, 64, P0
2023/02/25 11:30:34.060, 0, GPU-f5866ded-ec74-64cb-a87c-affb24baff01, 89, 46080, 2387, 43169, 65, 89, 64, P0
2023/02/25 11:30:39.075, 0, GPU-f5866ded-ec74-64cb-a87c-affb24baff01, 89, 46080, 2387, 43169, 66, 89, 64, P0
2023/02/25 11:30:44.089, 0, GPU-f5866ded-ec74-64cb-a87c-affb24baff01, 88, 46080, 2387, 43169, 66, 88, 64, P0
2023/02/25 11:30:49.104, 0, GPU-f5866ded-ec74-64cb-a87c-affb24baff01, 89, 46080, 2387, 43169, 66, 89, 64, P0
2023/02/25 11:30:54.118, 0, GPU-f5866ded-ec74-64cb-a87c-affb24baff01, 89, 46080, 2387, 43169, 65, 89, 64, P0
2023/02/25 11:30:59.131, 0, GPU-f5866ded-ec74-64cb-a87c-affb24baff01, 93, 46080, 2387, 43169, 70, 93, 64, P0
2023/02/25 11:31:04.146, 0, GPU-f5866ded-ec74-64cb-a87c-affb24baff01, 87, 46080, 2387, 43169, 65, 87, 63, P0
2023/02/25 11:31:09.160, 0, GPU-f5866ded-ec74-64cb-a87c-affb24baff01, 87, 46080, 2387, 43169, 63, 87, 63, P0
2023/02/25 11:31:14.174, 0, GPU-f5866ded-ec74-64cb-a87c-affb24baff01, 88, 46080, 2387, 43169, 66, 88, 63, P0
2023/02/25 11:31:19.189, 0, GPU-f5866ded-ec74-64cb-a87c-affb24baff01, 87, 46080, 2387, 43169, 65, 87, 63, P0
2023/02/25 11:31:24.202, 0, GPU-f5866ded-ec74-64cb-a87c-affb24baff01, 87, 46080, 2387, 43169, 64, 87, 63, P0
2023/02/25 11:31:29.217, 0, GPU-f5866ded-ec74-64cb-a87c-affb24baff01, 93, 46080, 2387, 43169, 69, 93, 63, P0
2023/02/25 11:31:34.231, 0, GPU-f5866ded-ec74-64cb-a87c-affb24baff01, 0, 46080, 2387, 43169, 0, 0, 56, P0
2023/02/25 11:31:39.245, 0, GPU-f5866ded-ec74-64cb-a87c-affb24baff01, 87, 46080, 2387, 43169, 63, 87, 62, P0
2023/02/25 11:31:44.260, 0, GPU-f5866ded-ec74-64cb-a87c-affb24baff01, 87, 46080, 2387, 43169, 65, 87, 61, P0
2023/02/25 11:31:49.274, 0, GPU-f5866ded-ec74-64cb-a87c-affb24baff01, 87, 46080, 2387, 43169, 64, 87, 62, P0
2023/02/25 11:31:54.289, 0, GPU-f5866ded-ec74-64cb-a87c-affb24baff01, 93, 46080, 2387, 43169, 69, 93, 61, P0
2023/02/25 11:31:59.303, 0, GPU-f5866ded-ec74-64cb-a87c-affb24baff01, 87, 46080, 2387, 43169, 65, 87, 62, P0
2023/02/25 11:32:04.317, 0, GPU-f5866ded-ec74-64cb-a87c-affb24baff01, 89, 46080, 2387, 43169, 65, 89, 62, P0
2023/02/25 11:32:09.331, 0, GPU-f5866ded-ec74-64cb-a87c-affb24baff01, 87, 46080, 2387, 43169, 65, 87, 62, P0
2023/02/25 11:32:14.345, 0, GPU-f5866ded-ec74-64cb-a87c-affb24baff01, 94, 46080, 2387, 43169, 70, 94, 62, P0
2023/02/25 11:32:19.359, 0, GPU-f5866ded-ec74-64cb-a87c-affb24baff01, 87, 46080, 2387, 43169, 63, 87, 62, P0
2023/02/25 11:32:24.374, 0, GPU-f5866ded-ec74-64cb-a87c-affb24baff01, 89, 46080, 2387, 43169, 68, 89, 62, P0
2023/02/25 11:32:29.388, 0, GPU-f5866ded-ec74-64cb-a87c-affb24baff01, 86, 46080, 2387, 43169, 63, 86, 62, P0
2023/02/25 11:32:34.402, 0, GPU-f5866ded-ec74-64cb-a87c-affb24baff01, 85, 46080, 2387, 43169, 65, 85, 62, P0
2023/02/25 11:32:39.416, 0, GPU-f5866ded-ec74-64cb-a87c-affb24baff01, 87, 46080, 2387, 43169, 64, 87, 61, P0
2023/02/25 11:32:44.430, 0, GPU-f5866ded-ec74-64cb-a87c-affb24baff01, 86, 46080, 2387, 43169, 64, 86, 62, P0
2023/02/25 11:32:49.444, 0, GPU-f5866ded-ec74-64cb-a87c-affb24baff01, 88, 46080, 2387, 43169, 65, 88, 62, P0
2023/02/25 11:32:54.458, 0, GPU-f5866ded-ec74-64cb-a87c-affb24baff01, 88, 46080, 2387, 43169, 66, 88, 62, P0
2023/02/25 11:32:59.473, 0, GPU-f5866ded-ec74-64cb-a87c-affb24baff01, 87, 46080, 2387, 43169, 63, 87, 62, P0
2023/02/25 11:33:04.487, 0, GPU-f5866ded-ec74-64cb-a87c-affb24baff01, 88, 46080, 2387, 43169, 65, 88, 62, P0
2023/02/25 11:33:09.501, 0, GPU-f5866ded-ec74-64cb-a87c-affb24baff01, 88, 46080, 2387, 43169, 65, 88, 62, P0
2023/02/25 11:33:14.515, 0, GPU-f5866ded-ec74-64cb-a87c-affb24baff01, 87, 46080, 2387, 43169, 64, 87, 62, P0
2023/02/25 11:33:19.529, 0, GPU-f5866ded-ec74-64cb-a87c-affb24baff01, 87, 46080, 2387, 43169, 64, 87, 62, P0
2023/02/25 11:33:24.543, 0, GPU-f5866ded-ec74-64cb-a87c-affb24baff01, 88, 46080, 2387, 43169, 65, 88, 62, P0
2023/02/25 11:33:29.558, 0, GPU-f5866ded-ec74-64cb-a87c-affb24baff01, 87, 46080, 2387, 43169, 65, 87, 62, P0
2023/02/25 11:33:34.571, 0, GPU-f5866ded-ec74-64cb-a87c-affb24baff01, 93, 46080, 2387, 43169, 70, 93, 62, P0
2023/02/25 11:33:39.586, 0, GPU-f5866ded-ec74-64cb-a87c-affb24baff01, 89, 46080, 2387, 43169, 65, 89, 62, P0
2023/02/25 11:33:44.600, 0, GPU-f5866ded-ec74-64cb-a87c-affb24baff01, 90, 46080, 2387, 43169, 67, 90, 62, P0
2023/02/25 11:33:49.615, 0, GPU-f5866ded-ec74-64cb-a87c-affb24baff01, 86, 46080, 2387, 43169, 65, 86, 62, P0
2023/02/25 11:33:54.629, 0, GPU-f5866ded-ec74-64cb-a87c-affb24baff01, 91, 46080, 2387, 43169, 68, 91, 61, P0
2023/02/25 11:33:59.643, 0, GPU-f5866ded-ec74-64cb-a87c-affb24baff01, 87, 46080, 2387, 43169, 65, 87, 62, P0
2023/02/25 11:34:04.657, 0, GPU-f5866ded-ec74-64cb-a87c-affb24baff01, 87, 46080, 2387, 43169, 64, 87, 62, P0
2023/02/25 11:34:09.671, 0, GPU-f5866ded-ec74-64cb-a87c-affb24baff01, 86, 46080, 2387, 43169, 64, 86, 61, P0
2023/02/25 11:34:14.685, 0, GPU-f5866ded-ec74-64cb-a87c-affb24baff01, 88, 46080, 2387, 43169, 67, 88, 62, P0
2023/02/25 11:34:19.699, 0, GPU-f5866ded-ec74-64cb-a87c-affb24baff01, 87, 46080, 2387, 43169, 64, 87, 62, P0
2023/02/25 11:34:24.713, 0, GPU-f5866ded-ec74-64cb-a87c-affb24baff01, 87, 46080, 2387, 43169, 64, 87, 62, P0
2023/02/25 11:34:29.727, 0, GPU-f5866ded-ec74-64cb-a87c-affb24baff01, 88, 46080, 2387, 43169, 65, 88, 62, P0
2023/02/25 11:34:34.741, 0, GPU-f5866ded-ec74-64cb-a87c-affb24baff01, 92, 46080, 2387, 43169, 70, 92, 62, P0
2023/02/25 11:34:39.756, 0, GPU-f5866ded-ec74-64cb-a87c-affb24baff01, 87, 46080, 2387, 43169, 63, 87, 61, P0
2023/02/25 11:34:44.770, 0, GPU-f5866ded-ec74-64cb-a87c-affb24baff01, 89, 46080, 2387, 43169, 66, 89, 62, P0
2023/02/25 11:34:49.785, 0, GPU-f5866ded-ec74-64cb-a87c-affb24baff01, 93, 46080, 2387, 43169, 70, 93, 62, P0
2023/02/25 11:34:54.799, 0, GPU-f5866ded-ec74-64cb-a87c-affb24baff01, 86, 46080, 2387, 43169, 64, 86, 62, P0
2023/02/25 11:34:59.813, 0, GPU-f5866ded-ec74-64cb-a87c-affb24baff01, 86, 46080, 2387, 43169, 64, 86, 62, P0
2023/02/25 11:35:04.827, 0, GPU-f5866ded-ec74-64cb-a87c-affb24baff01, 94, 46080, 2387, 43169, 70, 94, 61, P0
2023/02/25 11:35:09.841, 0, GPU-f5866ded-ec74-64cb-a87c-affb24baff01, 89, 46080, 2387, 43169, 65, 89, 62, P0
2023/02/25 11:35:14.856, 0, GPU-f5866ded-ec74-64cb-a87c-affb24baff01, 88, 46080, 2387, 43169, 66, 88, 62, P0
2023/02/25 11:35:19.869, 0, GPU-f5866ded-ec74-64cb-a87c-affb24baff01, 88, 46080, 2387, 43169, 65, 88, 62, P0
2023/02/25 11:35:24.884, 0, GPU-f5866ded-ec74-64cb-a87c-affb24baff01, 86, 46080, 2387, 43169, 63, 86, 61, P0
2023/02/25 11:35:29.898, 0, GPU-f5866ded-ec74-64cb-a87c-affb24baff01, 0, 46080, 2387, 43169, 0, 0, 57, P0
2023/02/25 11:35:34.912, 0, GPU-f5866ded-ec74-64cb-a87c-affb24baff01, 93, 46080, 2387, 43169, 70, 93, 60, P0
2023/02/25 11:35:39.925, 0, GPU-f5866ded-ec74-64cb-a87c-affb24baff01, 87, 46080, 2387, 43169, 64, 87, 61, P0
2023/02/25 11:35:44.940, 0, GPU-f5866ded-ec74-64cb-a87c-affb24baff01, 88, 46080, 2387, 43169, 65, 88, 61, P0
2023/02/25 11:35:49.954, 0, GPU-f5866ded-ec74-64cb-a87c-affb24baff01, 86, 46080, 2387, 43169, 63, 86, 61, P0
2023/02/25 11:35:54.968, 0, GPU-f5866ded-ec74-64cb-a87c-affb24baff01, 87, 46080, 2387, 43169, 67, 87, 61, P0
2023/02/25 11:35:59.981, 0, GPU-f5866ded-ec74-64cb-a87c-affb24baff01, 89, 46080, 2387, 43169, 66, 89, 61, P0
2023/02/25 11:36:04.995, 0, GPU-f5866ded-ec74-64cb-a87c-affb24baff01, 90, 46080, 2387, 43169, 67, 90, 61, P0
2023/02/25 11:36:10.009, 0, GPU-f5866ded-ec74-64cb-a87c-affb24baff01, 91, 46080, 2387, 43169, 67, 91, 60, P0
2023/02/25 11:36:15.023, 0, GPU-f5866ded-ec74-64cb-a87c-affb24baff01, 92, 46080, 2387, 43169, 68, 92, 62, P0
2023/02/25 11:36:20.037, 0, GPU-f5866ded-ec74-64cb-a87c-affb24baff01, 90, 46080, 2387, 43169, 67, 90, 62, P0
2023/02/25 11:36:25.051, 0, GPU-f5866ded-ec74-64cb-a87c-affb24baff01, 93, 46080, 2387, 43169, 70, 93, 61, P0
2023/02/25 11:36:30.065, 0, GPU-f5866ded-ec74-64cb-a87c-affb24baff01, 90, 46080, 2387, 43169, 67, 90, 62, P0
2023/02/25 11:36:35.079, 0, GPU-f5866ded-ec74-64cb-a87c-affb24baff01, 87, 46080, 2387, 43169, 64, 87, 61, P0
2023/02/25 11:36:40.094, 0, GPU-f5866ded-ec74-64cb-a87c-affb24baff01, 88, 46080, 2387, 43169, 64, 88, 61, P0
2023/02/25 11:36:45.107, 0, GPU-f5866ded-ec74-64cb-a87c-affb24baff01, 93, 46080, 2387, 43169, 70, 93, 62, P0
2023/02/25 11:36:50.121, 0, GPU-f5866ded-ec74-64cb-a87c-affb24baff01, 86, 46080, 2387, 43169, 63, 86, 61, P0
2023/02/25 11:36:55.139, 0, GPU-f5866ded-ec74-64cb-a87c-affb24baff01, 86, 46080, 2387, 43169, 63, 86, 62, P0
2023/02/25 11:37:00.153, 0, GPU-f5866ded-ec74-64cb-a87c-affb24baff01, 93, 46080, 2387, 43169, 69, 93, 62, P0
2023/02/25 11:37:05.167, 0, GPU-f5866ded-ec74-64cb-a87c-affb24baff01, 87, 46080, 2387, 43169, 65, 87, 62, P0
2023/02/25 11:37:10.181, 0, GPU-f5866ded-ec74-64cb-a87c-affb24baff01, 90, 46080, 2387, 43169, 67, 90, 61, P0
2023/02/25 11:37:15.195, 0, GPU-f5866ded-ec74-64cb-a87c-affb24baff01, 90, 46080, 2387, 43169, 67, 90, 62, P0
2023/02/25 11:37:20.209, 0, GPU-f5866ded-ec74-64cb-a87c-affb24baff01, 91, 46080, 2387, 43169, 67, 91, 61, P0
2023/02/25 11:37:25.223, 0, GPU-f5866ded-ec74-64cb-a87c-affb24baff01, 93, 46080, 2387, 43169, 70, 93, 62, P0
2023/02/25 11:37:30.237, 0, GPU-f5866ded-ec74-64cb-a87c-affb24baff01, 88, 46080, 2387, 43169, 66, 88, 62, P0
2023/02/25 11:37:35.250, 0, GPU-f5866ded-ec74-64cb-a87c-affb24baff01, 89, 46080, 2387, 43169, 65, 89, 62, P0
2023/02/25 11:37:40.265, 0, GPU-f5866ded-ec74-64cb-a87c-affb24baff01, 93, 46080, 2387, 43169, 70, 93, 61, P0
2023/02/25 11:37:45.279, 0, GPU-f5866ded-ec74-64cb-a87c-affb24baff01, 86, 46080, 2387, 43169, 64, 86, 62, P0
2023/02/25 11:37:50.293, 0, GPU-f5866ded-ec74-64cb-a87c-affb24baff01, 89, 46080, 2387, 43169, 65, 89, 62, P0
2023/02/25 11:37:55.309, 0, GPU-f5866ded-ec74-64cb-a87c-affb24baff01, 92, 46080, 2387, 43169, 70, 92, 62, P0
2023/02/25 11:38:00.323, 0, GPU-f5866ded-ec74-64cb-a87c-affb24baff01, 87, 46080, 2387, 43169, 64, 87, 61, P0
2023/02/25 11:38:05.337, 0, GPU-f5866ded-ec74-64cb-a87c-affb24baff01, 93, 46080, 2387, 43169, 70, 93, 62, P0
2023/02/25 11:38:10.351, 0, GPU-f5866ded-ec74-64cb-a87c-affb24baff01, 91, 46080, 2387, 43169, 67, 91, 61, P0
2023/02/25 11:38:15.366, 0, GPU-f5866ded-ec74-64cb-a87c-affb24baff01, 91, 46080, 2387, 43169, 68, 91, 62, P0
2023/02/25 11:38:20.380, 0, GPU-f5866ded-ec74-64cb-a87c-affb24baff01, 90, 46080, 2387, 43169, 68, 90, 61, P0
2023/02/25 11:38:25.394, 0, GPU-f5866ded-ec74-64cb-a87c-affb24baff01, 87, 46080, 2387, 43169, 63, 87, 62, P0
2023/02/25 11:38:30.408, 0, GPU-f5866ded-ec74-64cb-a87c-affb24baff01, 93, 46080, 2387, 43169, 70, 93, 61, P0
2023/02/25 11:38:35.423, 0, GPU-f5866ded-ec74-64cb-a87c-affb24baff01, 91, 46080, 2387, 43169, 68, 91, 62, P0
2023/02/25 11:38:40.437, 0, GPU-f5866ded-ec74-64cb-a87c-affb24baff01, 89, 46080, 2387, 43169, 66, 89, 62, P0
2023/02/25 11:38:45.451, 0, GPU-f5866ded-ec74-64cb-a87c-affb24baff01, 90, 46080, 2387, 43169, 67, 90, 62, P0
2023/02/25 11:38:50.465, 0, GPU-f5866ded-ec74-64cb-a87c-affb24baff01, 94, 46080, 2387, 43169, 70, 94, 62, P0
2023/02/25 11:38:55.479, 0, GPU-f5866ded-ec74-64cb-a87c-affb24baff01, 88, 46080, 2387, 43169, 66, 88, 62, P0
2023/02/25 11:39:00.493, 0, GPU-f5866ded-ec74-64cb-a87c-affb24baff01, 89, 46080, 2387, 43169, 65, 89, 62, P0
2023/02/25 11:39:05.507, 0, GPU-f5866ded-ec74-64cb-a87c-affb24baff01, 93, 46080, 2387, 43169, 70, 93, 61, P0
2023/02/25 11:39:10.521, 0, GPU-f5866ded-ec74-64cb-a87c-affb24baff01, 89, 46080, 2387, 43169, 67, 89, 62, P0
2023/02/25 11:39:15.536, 0, GPU-f5866ded-ec74-64cb-a87c-affb24baff01, 90, 46080, 2387, 43169, 67, 90, 62, P0
2023/02/25 11:39:20.550, 0, GPU-f5866ded-ec74-64cb-a87c-affb24baff01, 89, 46080, 2387, 43169, 65, 89, 61, P0
2023/02/25 11:39:25.565, 0, GPU-f5866ded-ec74-64cb-a87c-affb24baff01, 92, 46080, 2387, 43169, 70, 92, 62, P0
2023/02/25 11:39:30.579, 0, GPU-f5866ded-ec74-64cb-a87c-affb24baff01, 87, 46080, 2387, 43169, 64, 87, 62, P0
2023/02/25 11:39:35.593, 0, GPU-f5866ded-ec74-64cb-a87c-affb24baff01, 93, 46080, 2387, 43169, 70, 93, 62, P0
2023/02/25 11:39:40.607, 0, GPU-f5866ded-ec74-64cb-a87c-affb24baff01, 85, 46080, 2387, 43169, 64, 85, 62, P0
2023/02/25 11:39:45.621, 0, GPU-f5866ded-ec74-64cb-a87c-affb24baff01, 90, 46080, 2387, 43169, 66, 90, 62, P0
2023/02/25 11:39:50.635, 0, GPU-f5866ded-ec74-64cb-a87c-affb24baff01, 91, 46080, 2387, 43169, 68, 91, 62, P0
2023/02/25 11:39:55.650, 0, GPU-f5866ded-ec74-64cb-a87c-affb24baff01, 89, 46080, 2387, 43169, 66, 89, 62, P0
2023/02/25 11:40:00.665, 0, GPU-f5866ded-ec74-64cb-a87c-affb24baff01, 86, 46080, 2387, 43169, 63, 86, 62, P0
2023/02/25 11:40:05.680, 0, GPU-f5866ded-ec74-64cb-a87c-affb24baff01, 91, 46080, 2387, 43169, 67, 91, 62, P0
2023/02/25 11:40:10.694, 0, GPU-f5866ded-ec74-64cb-a87c-affb24baff01, 86, 46080, 2387, 43169, 63, 86, 62, P0
2023/02/25 11:40:15.708, 0, GPU-f5866ded-ec74-64cb-a87c-affb24baff01, 87, 46080, 2387, 43169, 65, 87, 61, P0
2023/02/25 11:40:20.723, 0, GPU-f5866ded-ec74-64cb-a87c-affb24baff01, 88, 46080, 2387, 43169, 64, 88, 62, P0
2023/02/25 11:40:25.737, 0, GPU-f5866ded-ec74-64cb-a87c-affb24baff01, 91, 46080, 2387, 43169, 69, 91, 62, P0
2023/02/25 11:40:30.752, 0, GPU-f5866ded-ec74-64cb-a87c-affb24baff01, 89, 46080, 2387, 43169, 66, 89, 62, P0
2023/02/25 11:40:35.766, 0, GPU-f5866ded-ec74-64cb-a87c-affb24baff01, 88, 46080, 2387, 43169, 65, 88, 62, P0
2023/02/25 11:40:40.780, 0, GPU-f5866ded-ec74-64cb-a87c-affb24baff01, 88, 46080, 2387, 43169, 65, 88, 62, P0
2023/02/25 11:40:45.794, 0, GPU-f5866ded-ec74-64cb-a87c-affb24baff01, 93, 46080, 2387, 43169, 70, 93, 62, P0
2023/02/25 11:40:50.808, 0, GPU-f5866ded-ec74-64cb-a87c-affb24baff01, 90, 46080, 2387, 43169, 67, 90, 61, P0
2023/02/25 11:40:55.821, 0, GPU-f5866ded-ec74-64cb-a87c-affb24baff01, 88, 46080, 2387, 43169, 65, 88, 62, P0
2023/02/25 11:41:00.835, 0, GPU-f5866ded-ec74-64cb-a87c-affb24baff01, 91, 46080, 2387, 43169, 68, 91, 62, P0
2023/02/25 11:41:05.849, 0, GPU-f5866ded-ec74-64cb-a87c-affb24baff01, 86, 46080, 2387, 43169, 63, 86, 62, P0
2023/02/25 11:41:10.864, 0, GPU-f5866ded-ec74-64cb-a87c-affb24baff01, 91, 46080, 2387, 43169, 68, 91, 61, P0
2023/02/25 11:41:15.878, 0, GPU-f5866ded-ec74-64cb-a87c-affb24baff01, 89, 46080, 2387, 43169, 68, 89, 62, P0
2023/02/25 11:41:20.892, 0, GPU-f5866ded-ec74-64cb-a87c-affb24baff01, 91, 46080, 2387, 43169, 67, 91, 62, P0
2023/02/25 11:41:25.906, 0, GPU-f5866ded-ec74-64cb-a87c-affb24baff01, 92, 46080, 2387, 43169, 70, 92, 62, P0
2023/02/25 11:41:30.920, 0, GPU-f5866ded-ec74-64cb-a87c-affb24baff01, 87, 46080, 2387, 43169, 65, 87, 62, P0
2023/02/25 11:41:35.934, 0, GPU-f5866ded-ec74-64cb-a87c-affb24baff01, 92, 46080, 2387, 43169, 69, 92, 62, P0
2023/02/25 11:41:40.948, 0, GPU-f5866ded-ec74-64cb-a87c-affb24baff01, 88, 46080, 2387, 43169, 65, 88, 62, P0
2023/02/25 11:41:45.963, 0, GPU-f5866ded-ec74-64cb-a87c-affb24baff01, 89, 46080, 2387, 43169, 65, 89, 62, P0
2023/02/25 11:41:50.976, 0, GPU-f5866ded-ec74-64cb-a87c-affb24baff01, 89, 46080, 2387, 43169, 68, 89, 62, P0
2023/02/25 11:41:55.991, 0, GPU-f5866ded-ec74-64cb-a87c-affb24baff01, 89, 46080, 2387, 43169, 65, 89, 61, P0
2023/02/25 11:42:01.005, 0, GPU-f5866ded-ec74-64cb-a87c-affb24baff01, 86, 46080, 2387, 43169, 65, 86, 62, P0
2023/02/25 11:42:06.019, 0, GPU-f5866ded-ec74-64cb-a87c-affb24baff01, 88, 46080, 2387, 43169, 64, 88, 62, P0
2023/02/25 11:42:11.033, 0, GPU-f5866ded-ec74-64cb-a87c-affb24baff01, 94, 46080, 2387, 43169, 70, 94, 62, P0
2023/02/25 11:42:16.047, 0, GPU-f5866ded-ec74-64cb-a87c-affb24baff01, 91, 46080, 2387, 43169, 67, 91, 62, P0
2023/02/25 11:42:21.062, 0, GPU-f5866ded-ec74-64cb-a87c-affb24baff01, 92, 46080, 2387, 43169, 69, 92, 62, P0
2023/02/25 11:42:26.076, 0, GPU-f5866ded-ec74-64cb-a87c-affb24baff01, 91, 46080, 2387, 43169, 68, 91, 62, P0
2023/02/25 11:42:31.090, 0, GPU-f5866ded-ec74-64cb-a87c-affb24baff01, 91, 46080, 2387, 43169, 68, 91, 62, P0
2023/02/25 11:42:36.104, 0, GPU-f5866ded-ec74-64cb-a87c-affb24baff01, 88, 46080, 2387, 43169, 65, 88, 62, P0
2023/02/25 11:42:41.118, 0, GPU-f5866ded-ec74-64cb-a87c-affb24baff01, 89, 46080, 2387, 43169, 68, 89, 62, P0
2023/02/25 11:42:46.132, 0, GPU-f5866ded-ec74-64cb-a87c-affb24baff01, 87, 46080, 2387, 43169, 65, 87, 61, P0
2023/02/25 11:42:51.147, 0, GPU-f5866ded-ec74-64cb-a87c-affb24baff01, 91, 46080, 2387, 43169, 67, 91, 62, P0
2023/02/25 11:42:56.161, 0, GPU-f5866ded-ec74-64cb-a87c-affb24baff01, 92, 46080, 2387, 43169, 70, 92, 62, P0
2023/02/25 11:43:01.175, 0, GPU-f5866ded-ec74-64cb-a87c-affb24baff01, 88, 46080, 2387, 43169, 66, 88, 62, P0
2023/02/25 11:43:06.189, 0, GPU-f5866ded-ec74-64cb-a87c-affb24baff01, 89, 46080, 2387, 43169, 65, 89, 62, P0
2023/02/25 11:43:11.203, 0, GPU-f5866ded-ec74-64cb-a87c-affb24baff01, 88, 46080, 2387, 43169, 64, 88, 61, P0
2023/02/25 11:43:16.217, 0, GPU-f5866ded-ec74-64cb-a87c-affb24baff01, 89, 46080, 2387, 43169, 67, 89, 62, P0
2023/02/25 11:43:21.232, 0, GPU-f5866ded-ec74-64cb-a87c-affb24baff01, 89, 46080, 2387, 43169, 65, 89, 61, P0
2023/02/25 11:43:26.248, 0, GPU-f5866ded-ec74-64cb-a87c-affb24baff01, 93, 46080, 2387, 43169, 70, 93, 62, P0
2023/02/25 11:43:31.263, 0, GPU-f5866ded-ec74-64cb-a87c-affb24baff01, 88, 46080, 2387, 43169, 65, 88, 61, P0
2023/02/25 11:43:36.277, 0, GPU-f5866ded-ec74-64cb-a87c-affb24baff01, 87, 46080, 2387, 43169, 64, 87, 62, P0
2023/02/25 11:43:41.291, 0, GPU-f5866ded-ec74-64cb-a87c-affb24baff01, 89, 46080, 2387, 43169, 66, 89, 62, P0
2023/02/25 11:43:46.306, 0, GPU-f5866ded-ec74-64cb-a87c-affb24baff01, 86, 46080, 2387, 43169, 64, 86, 62, P0
2023/02/25 11:43:51.320, 0, GPU-f5866ded-ec74-64cb-a87c-affb24baff01, 94, 46080, 2387, 43169, 70, 94, 62, P0
2023/02/25 11:43:56.335, 0, GPU-f5866ded-ec74-64cb-a87c-affb24baff01, 92, 46080, 2387, 43169, 68, 92, 62, P0
2023/02/25 11:44:01.349, 0, GPU-f5866ded-ec74-64cb-a87c-affb24baff01, 91, 46080, 2387, 43169, 67, 91, 62, P0
2023/02/25 11:44:06.363, 0, GPU-f5866ded-ec74-64cb-a87c-affb24baff01, 87, 46080, 2387, 43169, 65, 87, 61, P0
2023/02/25 11:44:11.377, 0, GPU-f5866ded-ec74-64cb-a87c-affb24baff01, 90, 46080, 2387, 43169, 66, 90, 62, P0
2023/02/25 11:44:16.391, 0, GPU-f5866ded-ec74-64cb-a87c-affb24baff01, 94, 46080, 2387, 43169, 70, 94, 61, P0
2023/02/25 11:44:21.405, 0, GPU-f5866ded-ec74-64cb-a87c-affb24baff01, 89, 46080, 2387, 43169, 66, 89, 62, P0
2023/02/25 11:44:26.419, 0, GPU-f5866ded-ec74-64cb-a87c-affb24baff01, 87, 46080, 2387, 43169, 63, 87, 61, P0
2023/02/25 11:44:31.433, 0, GPU-f5866ded-ec74-64cb-a87c-affb24baff01, 88, 46080, 2387, 43169, 67, 88, 62, P0
2023/02/25 11:44:36.481, 0, GPU-f5866ded-ec74-64cb-a87c-affb24baff01, 0, 46080, 2395, 43161, 0, 0, 57, P0
2023/02/25 11:44:41.509, 0, GPU-f5866ded-ec74-64cb-a87c-affb24baff01, 87, 46080, 2395, 43161, 65, 87, 59, P0
2023/02/25 11:44:46.523, 0, GPU-f5866ded-ec74-64cb-a87c-affb24baff01, 87, 46080, 2395, 43161, 65, 87, 60, P0
2023/02/25 11:44:51.537, 0, GPU-f5866ded-ec74-64cb-a87c-affb24baff01, 86, 46080, 2395, 43161, 64, 86, 60, P0
2023/02/25 11:44:56.552, 0, GPU-f5866ded-ec74-64cb-a87c-affb24baff01, 88, 46080, 2395, 43161, 64, 88, 61, P0
2023/02/25 11:45:01.566, 0, GPU-f5866ded-ec74-64cb-a87c-affb24baff01, 85, 46080, 2395, 43161, 63, 85, 60, P0
2023/02/25 11:45:06.580, 0, GPU-f5866ded-ec74-64cb-a87c-affb24baff01, 88, 46080, 2395, 43161, 64, 88, 61, P0
2023/02/25 11:45:11.594, 0, GPU-f5866ded-ec74-64cb-a87c-affb24baff01, 91, 46080, 2395, 43161, 68, 91, 61, P0
2023/02/25 11:45:16.609, 0, GPU-f5866ded-ec74-64cb-a87c-affb24baff01, 87, 46080, 2395, 43161, 65, 87, 61, P0
2023/02/25 11:45:21.623, 0, GPU-f5866ded-ec74-64cb-a87c-affb24baff01, 93, 46080, 2395, 43161, 70, 93, 61, P0
2023/02/25 11:45:26.638, 0, GPU-f5866ded-ec74-64cb-a87c-affb24baff01, 90, 46080, 2395, 43161, 66, 90, 61, P0
2023/02/25 11:45:31.652, 0, GPU-f5866ded-ec74-64cb-a87c-affb24baff01, 87, 46080, 2395, 43161, 65, 87, 61, P0
2023/02/25 11:45:36.666, 0, GPU-f5866ded-ec74-64cb-a87c-affb24baff01, 88, 46080, 2395, 43161, 64, 88, 61, P0
2023/02/25 11:45:41.681, 0, GPU-f5866ded-ec74-64cb-a87c-affb24baff01, 89, 46080, 2395, 43161, 66, 89, 61, P0
2023/02/25 11:45:46.696, 0, GPU-f5866ded-ec74-64cb-a87c-affb24baff01, 91, 46080, 2395, 43161, 67, 91, 61, P0
2023/02/25 11:45:51.710, 0, GPU-f5866ded-ec74-64cb-a87c-affb24baff01, 88, 46080, 2395, 43161, 66, 88, 61, P0
2023/02/25 11:45:56.725, 0, GPU-f5866ded-ec74-64cb-a87c-affb24baff01, 89, 46080, 2395, 43161, 67, 89, 61, P0
2023/02/25 11:46:01.738, 0, GPU-f5866ded-ec74-64cb-a87c-affb24baff01, 87, 46080, 2395, 43161, 65, 87, 61, P0
2023/02/25 11:46:06.753, 0, GPU-f5866ded-ec74-64cb-a87c-affb24baff01, 92, 46080, 2395, 43161, 69, 92, 62, P0
2023/02/25 11:46:11.767, 0, GPU-f5866ded-ec74-64cb-a87c-affb24baff01, 86, 46080, 2395, 43161, 64, 86, 60, P0
2023/02/25 11:46:16.781, 0, GPU-f5866ded-ec74-64cb-a87c-affb24baff01, 87, 46080, 2395, 43161, 64, 87, 62, P0
2023/02/25 11:46:21.795, 0, GPU-f5866ded-ec74-64cb-a87c-affb24baff01, 86, 46080, 2395, 43161, 63, 86, 61, P0
2023/02/25 11:46:26.809, 0, GPU-f5866ded-ec74-64cb-a87c-affb24baff01, 86, 46080, 2395, 43161, 63, 86, 61, P0
2023/02/25 11:46:31.824, 0, GPU-f5866ded-ec74-64cb-a87c-affb24baff01, 90, 46080, 2395, 43161, 67, 90, 62, P0
2023/02/25 11:46:36.838, 0, GPU-f5866ded-ec74-64cb-a87c-affb24baff01, 90, 46080, 2395, 43161, 66, 90, 61, P0
2023/02/25 11:46:41.852, 0, GPU-f5866ded-ec74-64cb-a87c-affb24baff01, 86, 46080, 2395, 43161, 66, 86, 62, P0
2023/02/25 11:46:46.867, 0, GPU-f5866ded-ec74-64cb-a87c-affb24baff01, 87, 46080, 2395, 43161, 63, 87, 62, P0
2023/02/25 11:46:51.880, 0, GPU-f5866ded-ec74-64cb-a87c-affb24baff01, 89, 46080, 2395, 43161, 66, 89, 61, P0
2023/02/25 11:46:56.895, 0, GPU-f5866ded-ec74-64cb-a87c-affb24baff01, 88, 46080, 2395, 43161, 65, 88, 61, P0
2023/02/25 11:47:01.910, 0, GPU-f5866ded-ec74-64cb-a87c-affb24baff01, 88, 46080, 2395, 43161, 65, 88, 61, P0
2023/02/25 11:47:06.924, 0, GPU-f5866ded-ec74-64cb-a87c-affb24baff01, 88, 46080, 2395, 43161, 65, 88, 61, P0
2023/02/25 11:47:11.938, 0, GPU-f5866ded-ec74-64cb-a87c-affb24baff01, 89, 46080, 2395, 43161, 68, 89, 61, P0
2023/02/25 11:47:16.953, 0, GPU-f5866ded-ec74-64cb-a87c-affb24baff01, 86, 46080, 2395, 43161, 63, 86, 61, P0
2023/02/25 11:47:21.967, 0, GPU-f5866ded-ec74-64cb-a87c-affb24baff01, 87, 46080, 2395, 43161, 67, 87, 61, P0
2023/02/25 11:47:26.980, 0, GPU-f5866ded-ec74-64cb-a87c-affb24baff01, 91, 46080, 2395, 43161, 67, 91, 61, P0
2023/02/25 11:47:31.995, 0, GPU-f5866ded-ec74-64cb-a87c-affb24baff01, 89, 46080, 2395, 43161, 66, 89, 61, P0
2023/02/25 11:47:37.009, 0, GPU-f5866ded-ec74-64cb-a87c-affb24baff01, 89, 46080, 2395, 43161, 66, 89, 62, P0
2023/02/25 11:47:42.023, 0, GPU-f5866ded-ec74-64cb-a87c-affb24baff01, 91, 46080, 2395, 43161, 69, 91, 61, P0
2023/02/25 11:47:47.037, 0, GPU-f5866ded-ec74-64cb-a87c-affb24baff01, 91, 46080, 2395, 43161, 68, 91, 62, P0
2023/02/25 11:47:52.051, 0, GPU-f5866ded-ec74-64cb-a87c-affb24baff01, 90, 46080, 2395, 43161, 66, 90, 61, P0
2023/02/25 11:47:57.068, 0, GPU-f5866ded-ec74-64cb-a87c-affb24baff01, 94, 46080, 2395, 43161, 70, 94, 62, P0
2023/02/25 11:48:02.082, 0, GPU-f5866ded-ec74-64cb-a87c-affb24baff01, 88, 46080, 2395, 43161, 64, 88, 60, P0
2023/02/25 11:48:07.096, 0, GPU-f5866ded-ec74-64cb-a87c-affb24baff01, 90, 46080, 2395, 43161, 67, 90, 62, P0
2023/02/25 11:48:12.110, 0, GPU-f5866ded-ec74-64cb-a87c-affb24baff01, 87, 46080, 2395, 43161, 65, 87, 61, P0
2023/02/25 11:48:17.124, 0, GPU-f5866ded-ec74-64cb-a87c-affb24baff01, 88, 46080, 2395, 43161, 65, 88, 62, P0
2023/02/25 11:48:22.138, 0, GPU-f5866ded-ec74-64cb-a87c-affb24baff01, 94, 46080, 2395, 43161, 70, 94, 61, P0
2023/02/25 11:48:27.152, 0, GPU-f5866ded-ec74-64cb-a87c-affb24baff01, 91, 46080, 2395, 43161, 67, 91, 62, P0
2023/02/25 11:48:32.167, 0, GPU-f5866ded-ec74-64cb-a87c-affb24baff01, 91, 46080, 2395, 43161, 68, 91, 61, P0
2023/02/25 11:48:37.181, 0, GPU-f5866ded-ec74-64cb-a87c-affb24baff01, 87, 46080, 2395, 43161, 64, 87, 61, P0
2023/02/25 11:48:42.195, 0, GPU-f5866ded-ec74-64cb-a87c-affb24baff01, 87, 46080, 2395, 43161, 63, 87, 61, P0
2023/02/25 11:48:47.209, 0, GPU-f5866ded-ec74-64cb-a87c-affb24baff01, 91, 46080, 2395, 43161, 68, 91, 62, P0
2023/02/25 11:48:52.224, 0, GPU-f5866ded-ec74-64cb-a87c-affb24baff01, 87, 46080, 2395, 43161, 65, 87, 61, P0
2023/02/25 11:48:57.238, 0, GPU-f5866ded-ec74-64cb-a87c-affb24baff01, 89, 46080, 2395, 43161, 66, 89, 62, P0
2023/02/25 11:49:02.252, 0, GPU-f5866ded-ec74-64cb-a87c-affb24baff01, 90, 46080, 2395, 43161, 66, 90, 62, P0
2023/02/25 11:49:07.266, 0, GPU-f5866ded-ec74-64cb-a87c-affb24baff01, 90, 46080, 2395, 43161, 67, 90, 61, P0
2023/02/25 11:49:12.280, 0, GPU-f5866ded-ec74-64cb-a87c-affb24baff01, 89, 46080, 2395, 43161, 68, 89, 62, P0
2023/02/25 11:49:17.295, 0, GPU-f5866ded-ec74-64cb-a87c-affb24baff01, 89, 46080, 2395, 43161, 66, 89, 61, P0
2023/02/25 11:49:22.308, 0, GPU-f5866ded-ec74-64cb-a87c-affb24baff01, 91, 46080, 2395, 43161, 67, 91, 62, P0
2023/02/25 11:49:27.323, 0, GPU-f5866ded-ec74-64cb-a87c-affb24baff01, 94, 46080, 2395, 43161, 70, 94, 62, P0
2023/02/25 11:49:32.338, 0, GPU-f5866ded-ec74-64cb-a87c-affb24baff01, 88, 46080, 2395, 43161, 65, 88, 61, P0
2023/02/25 11:49:37.352, 0, GPU-f5866ded-ec74-64cb-a87c-affb24baff01, 89, 46080, 2395, 43161, 65, 89, 62, P0
2023/02/25 11:49:42.366, 0, GPU-f5866ded-ec74-64cb-a87c-affb24baff01, 88, 46080, 2395, 43161, 65, 88, 62, P0
2023/02/25 11:49:47.381, 0, GPU-f5866ded-ec74-64cb-a87c-affb24baff01, 89, 46080, 2395, 43161, 66, 89, 62, P0
2023/02/25 11:49:52.395, 0, GPU-f5866ded-ec74-64cb-a87c-affb24baff01, 88, 46080, 2395, 43161, 65, 88, 62, P0
2023/02/25 11:49:57.408, 0, GPU-f5866ded-ec74-64cb-a87c-affb24baff01, 88, 46080, 2395, 43161, 64, 88, 61, P0
2023/02/25 11:50:02.422, 0, GPU-f5866ded-ec74-64cb-a87c-affb24baff01, 89, 46080, 2395, 43161, 66, 89, 62, P0
2023/02/25 11:50:07.436, 0, GPU-f5866ded-ec74-64cb-a87c-affb24baff01, 90, 46080, 2395, 43161, 67, 90, 62, P0
2023/02/25 11:50:12.450, 0, GPU-f5866ded-ec74-64cb-a87c-affb24baff01, 89, 46080, 2395, 43161, 66, 89, 61, P0
2023/02/25 11:50:17.465, 0, GPU-f5866ded-ec74-64cb-a87c-affb24baff01, 88, 46080, 2395, 43161, 64, 88, 62, P0
2023/02/25 11:50:22.479, 0, GPU-f5866ded-ec74-64cb-a87c-affb24baff01, 92, 46080, 2395, 43161, 69, 92, 62, P0
2023/02/25 11:50:27.493, 0, GPU-f5866ded-ec74-64cb-a87c-affb24baff01, 91, 46080, 2395, 43161, 68, 91, 62, P0
2023/02/25 11:50:32.507, 0, GPU-f5866ded-ec74-64cb-a87c-affb24baff01, 90, 46080, 2395, 43161, 67, 90, 62, P0
2023/02/25 11:50:37.522, 0, GPU-f5866ded-ec74-64cb-a87c-affb24baff01, 90, 46080, 2395, 43161, 67, 90, 62, P0
2023/02/25 11:50:42.535, 0, GPU-f5866ded-ec74-64cb-a87c-affb24baff01, 88, 46080, 2395, 43161, 64, 88, 62, P0
2023/02/25 11:50:47.549, 0, GPU-f5866ded-ec74-64cb-a87c-affb24baff01, 91, 46080, 2395, 43161, 68, 91, 62, P0
2023/02/25 11:50:52.563, 0, GPU-f5866ded-ec74-64cb-a87c-affb24baff01, 91, 46080, 2395, 43161, 68, 91, 61, P0
2023/02/25 11:50:57.578, 0, GPU-f5866ded-ec74-64cb-a87c-affb24baff01, 92, 46080, 2395, 43161, 68, 92, 62, P0
2023/02/25 11:51:02.591, 0, GPU-f5866ded-ec74-64cb-a87c-affb24baff01, 92, 46080, 2395, 43161, 68, 92, 62, P0
2023/02/25 11:51:07.605, 0, GPU-f5866ded-ec74-64cb-a87c-affb24baff01, 87, 46080, 2395, 43161, 64, 87, 61, P0
2023/02/25 11:51:12.620, 0, GPU-f5866ded-ec74-64cb-a87c-affb24baff01, 94, 46080, 2395, 43161, 70, 94, 62, P0
2023/02/25 11:51:17.634, 0, GPU-f5866ded-ec74-64cb-a87c-affb24baff01, 88, 46080, 2395, 43161, 66, 88, 61, P0
2023/02/25 11:51:22.648, 0, GPU-f5866ded-ec74-64cb-a87c-affb24baff01, 92, 46080, 2395, 43161, 70, 92, 62, P0
2023/02/25 11:51:27.661, 0, GPU-f5866ded-ec74-64cb-a87c-affb24baff01, 89, 46080, 2395, 43161, 66, 89, 61, P0
2023/02/25 11:51:32.675, 0, GPU-f5866ded-ec74-64cb-a87c-affb24baff01, 88, 46080, 2395, 43161, 65, 88, 62, P0
2023/02/25 11:51:37.689, 0, GPU-f5866ded-ec74-64cb-a87c-affb24baff01, 93, 46080, 2395, 43161, 70, 93, 61, P0
2023/02/25 11:51:42.703, 0, GPU-f5866ded-ec74-64cb-a87c-affb24baff01, 88, 46080, 2395, 43161, 65, 88, 62, P0
2023/02/25 11:51:47.717, 0, GPU-f5866ded-ec74-64cb-a87c-affb24baff01, 88, 46080, 2395, 43161, 65, 88, 62, P0
2023/02/25 11:51:52.731, 0, GPU-f5866ded-ec74-64cb-a87c-affb24baff01, 87, 46080, 2395, 43161, 63, 87, 61, P0
2023/02/25 11:51:57.744, 0, GPU-f5866ded-ec74-64cb-a87c-affb24baff01, 89, 46080, 2395, 43161, 66, 89, 62, P0
2023/02/25 11:52:02.758, 0, GPU-f5866ded-ec74-64cb-a87c-affb24baff01, 87, 46080, 2395, 43161, 65, 87, 61, P0
2023/02/25 11:52:07.772, 0, GPU-f5866ded-ec74-64cb-a87c-affb24baff01, 78, 46080, 2395, 43161, 58, 78, 61, P0
2023/02/25 11:52:12.786, 0, GPU-f5866ded-ec74-64cb-a87c-affb24baff01, 87, 46080, 2395, 43161, 65, 87, 62, P0
2023/02/25 11:52:17.801, 0, GPU-f5866ded-ec74-64cb-a87c-affb24baff01, 87, 46080, 2395, 43161, 63, 87, 61, P0
2023/02/25 11:52:22.814, 0, GPU-f5866ded-ec74-64cb-a87c-affb24baff01, 94, 46080, 2395, 43161, 70, 94, 62, P0
2023/02/25 11:52:27.828, 0, GPU-f5866ded-ec74-64cb-a87c-affb24baff01, 89, 46080, 2395, 43161, 66, 89, 62, P0
2023/02/25 11:52:32.842, 0, GPU-f5866ded-ec74-64cb-a87c-affb24baff01, 90, 46080, 2395, 43161, 67, 90, 62, P0
2023/02/25 11:52:37.857, 0, GPU-f5866ded-ec74-64cb-a87c-affb24baff01, 88, 46080, 2395, 43161, 66, 88, 62, P0
2023/02/25 11:52:42.871, 0, GPU-f5866ded-ec74-64cb-a87c-affb24baff01, 91, 46080, 2395, 43161, 67, 91, 62, P0
2023/02/25 11:52:47.885, 0, GPU-f5866ded-ec74-64cb-a87c-affb24baff01, 88, 46080, 2395, 43161, 64, 88, 62, P0
2023/02/25 11:52:52.899, 0, GPU-f5866ded-ec74-64cb-a87c-affb24baff01, 89, 46080, 2395, 43161, 66, 89, 61, P0
2023/02/25 11:52:57.912, 0, GPU-f5866ded-ec74-64cb-a87c-affb24baff01, 88, 46080, 2395, 43161, 65, 88, 62, P0
2023/02/25 11:53:02.926, 0, GPU-f5866ded-ec74-64cb-a87c-affb24baff01, 89, 46080, 2395, 43161, 66, 89, 62, P0
2023/02/25 11:53:07.940, 0, GPU-f5866ded-ec74-64cb-a87c-affb24baff01, 88, 46080, 2395, 43161, 65, 88, 61, P0
2023/02/25 11:53:12.954, 0, GPU-f5866ded-ec74-64cb-a87c-affb24baff01, 89, 46080, 2395, 43161, 65, 89, 62, P0
2023/02/25 11:53:17.968, 0, GPU-f5866ded-ec74-64cb-a87c-affb24baff01, 90, 46080, 2395, 43161, 68, 90, 62, P0
2023/02/25 11:53:22.982, 0, GPU-f5866ded-ec74-64cb-a87c-affb24baff01, 89, 46080, 2395, 43161, 66, 89, 61, P0
2023/02/25 11:53:27.996, 0, GPU-f5866ded-ec74-64cb-a87c-affb24baff01, 87, 46080, 2395, 43161, 64, 87, 62, P0
2023/02/25 11:53:33.011, 0, GPU-f5866ded-ec74-64cb-a87c-affb24baff01, 87, 46080, 2395, 43161, 64, 87, 62, P0
2023/02/25 11:53:38.025, 0, GPU-f5866ded-ec74-64cb-a87c-affb24baff01, 93, 46080, 2395, 43161, 70, 93, 62, P0
2023/02/25 11:53:43.039, 0, GPU-f5866ded-ec74-64cb-a87c-affb24baff01, 91, 46080, 2395, 43161, 67, 91, 62, P0
2023/02/25 11:53:48.054, 0, GPU-f5866ded-ec74-64cb-a87c-affb24baff01, 91, 46080, 2395, 43161, 67, 91, 61, P0
2023/02/25 11:53:53.068, 0, GPU-f5866ded-ec74-64cb-a87c-affb24baff01, 93, 46080, 2395, 43161, 70, 93, 62, P0
2023/02/25 11:53:58.082, 0, GPU-f5866ded-ec74-64cb-a87c-affb24baff01, 10, 46080, 2395, 43161, 5, 10, 59, P0
2023/02/25 11:54:03.096, 0, GPU-f5866ded-ec74-64cb-a87c-affb24baff01, 87, 46080, 2395, 43161, 65, 87, 59, P0
2023/02/25 11:54:08.110, 0, GPU-f5866ded-ec74-64cb-a87c-affb24baff01, 86, 46080, 2395, 43161, 64, 86, 59, P0
2023/02/25 11:54:13.124, 0, GPU-f5866ded-ec74-64cb-a87c-affb24baff01, 86, 46080, 2395, 43161, 62, 86, 60, P0
2023/02/25 11:54:18.138, 0, GPU-f5866ded-ec74-64cb-a87c-affb24baff01, 89, 46080, 2395, 43161, 66, 89, 61, P0
2023/02/25 11:54:23.166, 0, GPU-f5866ded-ec74-64cb-a87c-affb24baff01, 88, 46080, 2395, 43161, 65, 88, 61, P0
2023/02/25 11:54:28.181, 0, GPU-f5866ded-ec74-64cb-a87c-affb24baff01, 94, 46080, 2395, 43161, 70, 94, 61, P0
2023/02/25 11:54:33.195, 0, GPU-f5866ded-ec74-64cb-a87c-affb24baff01, 89, 46080, 2395, 43161, 66, 89, 60, P0
2023/02/25 11:54:38.209, 0, GPU-f5866ded-ec74-64cb-a87c-affb24baff01, 87, 46080, 2395, 43161, 64, 87, 61, P0
2023/02/25 11:54:43.223, 0, GPU-f5866ded-ec74-64cb-a87c-affb24baff01, 90, 46080, 2395, 43161, 67, 90, 61, P0
2023/02/25 11:54:48.238, 0, GPU-f5866ded-ec74-64cb-a87c-affb24baff01, 87, 46080, 2395, 43161, 64, 87, 61, P0
2023/02/25 11:54:53.252, 0, GPU-f5866ded-ec74-64cb-a87c-affb24baff01, 88, 46080, 2395, 43161, 66, 88, 61, P0
2023/02/25 11:54:58.265, 0, GPU-f5866ded-ec74-64cb-a87c-affb24baff01, 89, 46080, 2395, 43161, 66, 89, 61, P0
2023/02/25 11:55:03.279, 0, GPU-f5866ded-ec74-64cb-a87c-affb24baff01, 88, 46080, 2395, 43161, 65, 88, 61, P0
2023/02/25 11:55:08.294, 0, GPU-f5866ded-ec74-64cb-a87c-affb24baff01, 91, 46080, 2395, 43161, 68, 91, 61, P0
2023/02/25 11:55:13.307, 0, GPU-f5866ded-ec74-64cb-a87c-affb24baff01, 89, 46080, 2395, 43161, 66, 89, 61, P0
2023/02/25 11:55:18.321, 0, GPU-f5866ded-ec74-64cb-a87c-affb24baff01, 89, 46080, 2395, 43161, 65, 89, 61, P0
2023/02/25 11:55:23.336, 0, GPU-f5866ded-ec74-64cb-a87c-affb24baff01, 92, 46080, 2395, 43161, 70, 92, 61, P0
2023/02/25 11:55:28.350, 0, GPU-f5866ded-ec74-64cb-a87c-affb24baff01, 89, 46080, 2395, 43161, 66, 89, 61, P0
2023/02/25 11:55:33.365, 0, GPU-f5866ded-ec74-64cb-a87c-affb24baff01, 89, 46080, 2395, 43161, 66, 89, 61, P0
2023/02/25 11:55:38.379, 0, GPU-f5866ded-ec74-64cb-a87c-affb24baff01, 93, 46080, 2395, 43161, 70, 93, 61, P0
2023/02/25 11:55:43.393, 0, GPU-f5866ded-ec74-64cb-a87c-affb24baff01, 88, 46080, 2395, 43161, 66, 88, 61, P0
2023/02/25 11:55:48.407, 0, GPU-f5866ded-ec74-64cb-a87c-affb24baff01, 94, 46080, 2395, 43161, 70, 94, 61, P0
2023/02/25 11:55:53.421, 0, GPU-f5866ded-ec74-64cb-a87c-affb24baff01, 87, 46080, 2395, 43161, 65, 87, 60, P0
2023/02/25 11:55:58.436, 0, GPU-f5866ded-ec74-64cb-a87c-affb24baff01, 95, 46080, 2395, 43161, 70, 95, 61, P0
2023/02/25 11:56:03.450, 0, GPU-f5866ded-ec74-64cb-a87c-affb24baff01, 87, 46080, 2395, 43161, 64, 87, 61, P0
2023/02/25 11:56:08.464, 0, GPU-f5866ded-ec74-64cb-a87c-affb24baff01, 89, 46080, 2395, 43161, 67, 89, 61, P0
2023/02/25 11:56:13.477, 0, GPU-f5866ded-ec74-64cb-a87c-affb24baff01, 89, 46080, 2395, 43161, 66, 89, 61, P0
2023/02/25 11:56:18.491, 0, GPU-f5866ded-ec74-64cb-a87c-affb24baff01, 88, 46080, 2395, 43161, 66, 88, 61, P0
2023/02/25 11:56:23.505, 0, GPU-f5866ded-ec74-64cb-a87c-affb24baff01, 94, 46080, 2395, 43161, 70, 94, 61, P0
2023/02/25 11:56:28.519, 0, GPU-f5866ded-ec74-64cb-a87c-affb24baff01, 87, 46080, 2395, 43161, 65, 87, 61, P0
2023/02/25 11:56:33.533, 0, GPU-f5866ded-ec74-64cb-a87c-affb24baff01, 87, 46080, 2395, 43161, 64, 87, 62, P0
2023/02/25 11:56:38.547, 0, GPU-f5866ded-ec74-64cb-a87c-affb24baff01, 93, 46080, 2395, 43161, 70, 93, 61, P0
2023/02/25 11:56:43.562, 0, GPU-f5866ded-ec74-64cb-a87c-affb24baff01, 90, 46080, 2395, 43161, 67, 90, 61, P0
2023/02/25 11:56:48.576, 0, GPU-f5866ded-ec74-64cb-a87c-affb24baff01, 91, 46080, 2395, 43161, 67, 91, 62, P0
2023/02/25 11:56:53.591, 0, GPU-f5866ded-ec74-64cb-a87c-affb24baff01, 90, 46080, 2395, 43161, 66, 90, 61, P0
2023/02/25 11:56:58.605, 0, GPU-f5866ded-ec74-64cb-a87c-affb24baff01, 88, 46080, 2395, 43161, 66, 88, 62, P0
2023/02/25 11:57:03.619, 0, GPU-f5866ded-ec74-64cb-a87c-affb24baff01, 88, 46080, 2395, 43161, 65, 88, 61, P0
2023/02/25 11:57:08.633, 0, GPU-f5866ded-ec74-64cb-a87c-affb24baff01, 94, 46080, 2395, 43161, 70, 94, 62, P0
2023/02/25 11:57:13.647, 0, GPU-f5866ded-ec74-64cb-a87c-affb24baff01, 87, 46080, 2395, 43161, 65, 87, 60, P0
2023/02/25 11:57:18.661, 0, GPU-f5866ded-ec74-64cb-a87c-affb24baff01, 89, 46080, 2395, 43161, 66, 89, 62, P0
2023/02/25 11:57:23.675, 0, GPU-f5866ded-ec74-64cb-a87c-affb24baff01, 89, 46080, 2395, 43161, 66, 89, 62, P0
2023/02/25 11:57:28.689, 0, GPU-f5866ded-ec74-64cb-a87c-affb24baff01, 93, 46080, 2395, 43161, 70, 93, 61, P0
2023/02/25 11:57:33.704, 0, GPU-f5866ded-ec74-64cb-a87c-affb24baff01, 88, 46080, 2395, 43161, 66, 88, 62, P0
2023/02/25 11:57:38.718, 0, GPU-f5866ded-ec74-64cb-a87c-affb24baff01, 89, 46080, 2395, 43161, 66, 89, 62, P0
2023/02/25 11:57:43.733, 0, GPU-f5866ded-ec74-64cb-a87c-affb24baff01, 91, 46080, 2395, 43161, 67, 91, 61, P0
2023/02/25 11:57:48.747, 0, GPU-f5866ded-ec74-64cb-a87c-affb24baff01, 90, 46080, 2395, 43161, 66, 90, 62, P0
2023/02/25 11:57:53.762, 0, GPU-f5866ded-ec74-64cb-a87c-affb24baff01, 90, 46080, 2395, 43161, 68, 90, 62, P0
2023/02/25 11:57:58.776, 0, GPU-f5866ded-ec74-64cb-a87c-affb24baff01, 91, 46080, 2395, 43161, 67, 91, 61, P0
2023/02/25 11:58:03.789, 0, GPU-f5866ded-ec74-64cb-a87c-affb24baff01, 88, 46080, 2395, 43161, 65, 88, 62, P0
2023/02/25 11:58:08.804, 0, GPU-f5866ded-ec74-64cb-a87c-affb24baff01, 88, 46080, 2395, 43161, 65, 88, 62, P0
2023/02/25 11:58:13.818, 0, GPU-f5866ded-ec74-64cb-a87c-affb24baff01, 94, 46080, 2395, 43161, 70, 94, 62, P0
2023/02/25 11:58:18.833, 0, GPU-f5866ded-ec74-64cb-a87c-affb24baff01, 91, 46080, 2395, 43161, 68, 91, 62, P0
2023/02/25 11:58:23.847, 0, GPU-f5866ded-ec74-64cb-a87c-affb24baff01, 93, 46080, 2395, 43161, 70, 93, 62, P0
2023/02/25 11:58:28.861, 0, GPU-f5866ded-ec74-64cb-a87c-affb24baff01, 89, 46080, 2395, 43161, 66, 89, 61, P0
2023/02/25 11:58:33.875, 0, GPU-f5866ded-ec74-64cb-a87c-affb24baff01, 89, 46080, 2395, 43161, 66, 89, 62, P0
2023/02/25 11:58:38.888, 0, GPU-f5866ded-ec74-64cb-a87c-affb24baff01, 92, 46080, 2395, 43161, 70, 92, 62, P0
2023/02/25 11:58:43.902, 0, GPU-f5866ded-ec74-64cb-a87c-affb24baff01, 89, 46080, 2395, 43161, 66, 89, 61, P0
2023/02/25 11:58:48.916, 0, GPU-f5866ded-ec74-64cb-a87c-affb24baff01, 91, 46080, 2395, 43161, 67, 91, 62, P0
2023/02/25 11:58:53.930, 0, GPU-f5866ded-ec74-64cb-a87c-affb24baff01, 88, 46080, 2395, 43161, 64, 88, 61, P0
2023/02/25 11:58:58.943, 0, GPU-f5866ded-ec74-64cb-a87c-affb24baff01, 93, 46080, 2395, 43161, 70, 93, 62, P0
2023/02/25 11:59:03.958, 0, GPU-f5866ded-ec74-64cb-a87c-affb24baff01, 91, 46080, 2395, 43161, 68, 91, 62, P0
2023/02/25 11:59:08.972, 0, GPU-f5866ded-ec74-64cb-a87c-affb24baff01, 91, 46080, 2395, 43161, 68, 91, 61, P0
2023/02/25 11:59:13.986, 0, GPU-f5866ded-ec74-64cb-a87c-affb24baff01, 91, 46080, 2395, 43161, 67, 91, 62, P0
2023/02/25 11:59:19.000, 0, GPU-f5866ded-ec74-64cb-a87c-affb24baff01, 91, 46080, 2395, 43161, 69, 91, 61, P0
2023/02/25 11:59:24.016, 0, GPU-f5866ded-ec74-64cb-a87c-affb24baff01, 87, 46080, 2395, 43161, 64, 87, 62, P0
2023/02/25 11:59:29.031, 0, GPU-f5866ded-ec74-64cb-a87c-affb24baff01, 88, 46080, 2395, 43161, 66, 88, 62, P0
2023/02/25 11:59:34.045, 0, GPU-f5866ded-ec74-64cb-a87c-affb24baff01, 86, 46080, 2395, 43161, 65, 86, 62, P0
2023/02/25 11:59:39.060, 0, GPU-f5866ded-ec74-64cb-a87c-affb24baff01, 88, 46080, 2395, 43161, 65, 88, 62, P0
2023/02/25 11:59:44.074, 0, GPU-f5866ded-ec74-64cb-a87c-affb24baff01, 87, 46080, 2395, 43161, 64, 87, 62, P0
2023/02/25 11:59:49.089, 0, GPU-f5866ded-ec74-64cb-a87c-affb24baff01, 93, 46080, 2395, 43161, 70, 93, 62, P0
2023/02/25 11:59:54.102, 0, GPU-f5866ded-ec74-64cb-a87c-affb24baff01, 91, 46080, 2395, 43161, 68, 91, 61, P0
2023/02/25 11:59:59.117, 0, GPU-f5866ded-ec74-64cb-a87c-affb24baff01, 91, 46080, 2395, 43161, 67, 91, 62, P0
2023/02/25 12:00:04.131, 0, GPU-f5866ded-ec74-64cb-a87c-affb24baff01, 91, 46080, 2395, 43161, 68, 91, 62, P0
2023/02/25 12:00:09.145, 0, GPU-f5866ded-ec74-64cb-a87c-affb24baff01, 87, 46080, 2395, 43161, 63, 87, 62, P0
2023/02/25 12:00:14.159, 0, GPU-f5866ded-ec74-64cb-a87c-affb24baff01, 93, 46080, 2395, 43161, 70, 93, 62, P0
2023/02/25 12:00:19.173, 0, GPU-f5866ded-ec74-64cb-a87c-affb24baff01, 87, 46080, 2395, 43161, 65, 87, 62, P0
2023/02/25 12:00:24.187, 0, GPU-f5866ded-ec74-64cb-a87c-affb24baff01, 88, 46080, 2395, 43161, 65, 88, 61, P0
2023/02/25 12:00:29.201, 0, GPU-f5866ded-ec74-64cb-a87c-affb24baff01, 87, 46080, 2395, 43161, 64, 87, 62, P0
2023/02/25 12:00:34.216, 0, GPU-f5866ded-ec74-64cb-a87c-affb24baff01, 90, 46080, 2395, 43161, 68, 90, 62, P0
2023/02/25 12:00:39.230, 0, GPU-f5866ded-ec74-64cb-a87c-affb24baff01, 92, 46080, 2395, 43161, 69, 92, 62, P0
2023/02/25 12:00:44.244, 0, GPU-f5866ded-ec74-64cb-a87c-affb24baff01, 91, 46080, 2395, 43161, 67, 91, 62, P0
2023/02/25 12:00:49.258, 0, GPU-f5866ded-ec74-64cb-a87c-affb24baff01, 88, 46080, 2395, 43161, 65, 88, 61, P0
2023/02/25 12:00:54.273, 0, GPU-f5866ded-ec74-64cb-a87c-affb24baff01, 87, 46080, 2395, 43161, 65, 87, 62, P0
2023/02/25 12:00:59.287, 0, GPU-f5866ded-ec74-64cb-a87c-affb24baff01, 89, 46080, 2395, 43161, 64, 89, 61, P0
2023/02/25 12:01:04.300, 0, GPU-f5866ded-ec74-64cb-a87c-affb24baff01, 92, 46080, 2395, 43161, 70, 92, 62, P0
2023/02/25 12:01:09.314, 0, GPU-f5866ded-ec74-64cb-a87c-affb24baff01, 88, 46080, 2395, 43161, 66, 88, 61, P0
2023/02/25 12:01:14.328, 0, GPU-f5866ded-ec74-64cb-a87c-affb24baff01, 89, 46080, 2395, 43161, 65, 89, 62, P0
2023/02/25 12:01:19.342, 0, GPU-f5866ded-ec74-64cb-a87c-affb24baff01, 93, 46080, 2395, 43161, 70, 93, 61, P0
2023/02/25 12:01:24.356, 0, GPU-f5866ded-ec74-64cb-a87c-affb24baff01, 90, 46080, 2395, 43161, 66, 90, 62, P0
2023/02/25 12:01:29.370, 0, GPU-f5866ded-ec74-64cb-a87c-affb24baff01, 91, 46080, 2395, 43161, 67, 91, 62, P0
2023/02/25 12:01:34.384, 0, GPU-f5866ded-ec74-64cb-a87c-affb24baff01, 90, 46080, 2395, 43161, 66, 90, 62, P0
2023/02/25 12:01:39.398, 0, GPU-f5866ded-ec74-64cb-a87c-affb24baff01, 88, 46080, 2395, 43161, 66, 88, 62, P0
2023/02/25 12:01:44.412, 0, GPU-f5866ded-ec74-64cb-a87c-affb24baff01, 89, 46080, 2395, 43161, 66, 89, 61, P0
2023/02/25 12:01:49.426, 0, GPU-f5866ded-ec74-64cb-a87c-affb24baff01, 87, 46080, 2395, 43161, 65, 87, 62, P0
2023/02/25 12:01:54.440, 0, GPU-f5866ded-ec74-64cb-a87c-affb24baff01, 94, 46080, 2395, 43161, 70, 94, 61, P0
2023/02/25 12:01:59.455, 0, GPU-f5866ded-ec74-64cb-a87c-affb24baff01, 91, 46080, 2395, 43161, 67, 91, 62, P0
2023/02/25 12:02:04.470, 0, GPU-f5866ded-ec74-64cb-a87c-affb24baff01, 89, 46080, 2395, 43161, 66, 89, 62, P0
2023/02/25 12:02:09.485, 0, GPU-f5866ded-ec74-64cb-a87c-affb24baff01, 91, 46080, 2395, 43161, 67, 91, 62, P0
2023/02/25 12:02:14.499, 0, GPU-f5866ded-ec74-64cb-a87c-affb24baff01, 86, 46080, 2395, 43161, 64, 86, 62, P0
2023/02/25 12:02:19.513, 0, GPU-f5866ded-ec74-64cb-a87c-affb24baff01, 88, 46080, 2395, 43161, 65, 88, 61, P0
2023/02/25 12:02:24.527, 0, GPU-f5866ded-ec74-64cb-a87c-affb24baff01, 89, 46080, 2395, 43161, 67, 89, 62, P0
2023/02/25 12:02:29.541, 0, GPU-f5866ded-ec74-64cb-a87c-affb24baff01, 89, 46080, 2395, 43161, 68, 89, 61, P0
2023/02/25 12:02:34.555, 0, GPU-f5866ded-ec74-64cb-a87c-affb24baff01, 88, 46080, 2395, 43161, 66, 88, 62, P0
2023/02/25 12:02:39.570, 0, GPU-f5866ded-ec74-64cb-a87c-affb24baff01, 91, 46080, 2395, 43161, 68, 91, 62, P0
2023/02/25 12:02:44.585, 0, GPU-f5866ded-ec74-64cb-a87c-affb24baff01, 93, 46080, 2395, 43161, 70, 93, 62, P0
2023/02/25 12:02:49.598, 0, GPU-f5866ded-ec74-64cb-a87c-affb24baff01, 87, 46080, 2395, 43161, 65, 87, 62, P0
2023/02/25 12:02:54.612, 0, GPU-f5866ded-ec74-64cb-a87c-affb24baff01, 86, 46080, 2395, 43161, 63, 86, 62, P0
2023/02/25 12:02:59.627, 0, GPU-f5866ded-ec74-64cb-a87c-affb24baff01, 90, 46080, 2395, 43161, 68, 90, 62, P0
2023/02/25 12:03:04.641, 0, GPU-f5866ded-ec74-64cb-a87c-affb24baff01, 88, 46080, 2395, 43161, 65, 88, 62, P0
2023/02/25 12:03:09.656, 0, GPU-f5866ded-ec74-64cb-a87c-affb24baff01, 90, 46080, 2395, 43161, 68, 90, 61, P0
2023/02/25 12:03:14.670, 0, GPU-f5866ded-ec74-64cb-a87c-affb24baff01, 87, 46080, 2395, 43161, 64, 87, 62, P0
2023/02/25 12:03:19.684, 0, GPU-f5866ded-ec74-64cb-a87c-affb24baff01, 92, 46080, 2395, 43161, 70, 92, 60, P0
2023/02/25 12:03:24.698, 0, GPU-f5866ded-ec74-64cb-a87c-affb24baff01, 90, 46080, 2395, 43161, 67, 90, 62, P0
2023/02/25 12:03:29.712, 0, GPU-f5866ded-ec74-64cb-a87c-affb24baff01, 87, 46080, 2395, 43161, 64, 87, 62, P0
2023/02/25 12:03:34.726, 0, GPU-f5866ded-ec74-64cb-a87c-affb24baff01, 89, 46080, 2395, 43161, 66, 89, 61, P0
2023/02/25 12:03:39.740, 0, GPU-f5866ded-ec74-64cb-a87c-affb24baff01, 88, 46080, 2395, 43161, 67, 88, 61, P0
2023/02/25 12:03:44.754, 0, GPU-f5866ded-ec74-64cb-a87c-affb24baff01, 88, 46080, 2395, 43161, 65, 88, 62, P0
2023/02/25 12:03:49.768, 0, GPU-f5866ded-ec74-64cb-a87c-affb24baff01, 89, 46080, 2395, 43161, 67, 89, 58, P0
2023/02/25 12:03:54.782, 0, GPU-f5866ded-ec74-64cb-a87c-affb24baff01, 90, 46080, 2395, 43161, 67, 90, 60, P0
2023/02/25 12:03:59.796, 0, GPU-f5866ded-ec74-64cb-a87c-affb24baff01, 89, 46080, 2395, 43161, 67, 89, 60, P0
2023/02/25 12:04:04.811, 0, GPU-f5866ded-ec74-64cb-a87c-affb24baff01, 89, 46080, 2395, 43161, 65, 89, 60, P0
2023/02/25 12:04:09.826, 0, GPU-f5866ded-ec74-64cb-a87c-affb24baff01, 88, 46080, 2395, 43161, 66, 88, 61, P0
2023/02/25 12:04:14.841, 0, GPU-f5866ded-ec74-64cb-a87c-affb24baff01, 89, 46080, 2395, 43161, 65, 89, 60, P0
2023/02/25 12:04:19.854, 0, GPU-f5866ded-ec74-64cb-a87c-affb24baff01, 87, 46080, 2395, 43161, 65, 87, 61, P0
2023/02/25 12:04:24.868, 0, GPU-f5866ded-ec74-64cb-a87c-affb24baff01, 87, 46080, 2395, 43161, 64, 87, 61, P0
2023/02/25 12:04:29.882, 0, GPU-f5866ded-ec74-64cb-a87c-affb24baff01, 89, 46080, 2395, 43161, 66, 89, 61, P0
2023/02/25 12:04:34.895, 0, GPU-f5866ded-ec74-64cb-a87c-affb24baff01, 90, 46080, 2395, 43161, 67, 90, 61, P0
2023/02/25 12:04:39.910, 0, GPU-f5866ded-ec74-64cb-a87c-affb24baff01, 91, 46080, 2395, 43161, 67, 91, 61, P0
2023/02/25 12:04:44.924, 0, GPU-f5866ded-ec74-64cb-a87c-affb24baff01, 90, 46080, 2395, 43161, 67, 90, 61, P0
2023/02/25 12:04:49.938, 0, GPU-f5866ded-ec74-64cb-a87c-affb24baff01, 87, 46080, 2395, 43161, 65, 87, 61, P0
2023/02/25 12:04:54.951, 0, GPU-f5866ded-ec74-64cb-a87c-affb24baff01, 88, 46080, 2395, 43161, 65, 88, 61, P0
2023/02/25 12:04:59.965, 0, GPU-f5866ded-ec74-64cb-a87c-affb24baff01, 88, 46080, 2395, 43161, 66, 88, 61, P0
2023/02/25 12:05:04.986, 0, GPU-f5866ded-ec74-64cb-a87c-affb24baff01, 94, 46080, 2395, 43161, 70, 94, 61, P0
2023/02/25 12:05:10.001, 0, GPU-f5866ded-ec74-64cb-a87c-affb24baff01, 86, 46080, 2395, 43161, 62, 86, 61, P0
2023/02/25 12:05:15.015, 0, GPU-f5866ded-ec74-64cb-a87c-affb24baff01, 88, 46080, 2395, 43161, 65, 88, 61, P0
2023/02/25 12:05:20.029, 0, GPU-f5866ded-ec74-64cb-a87c-affb24baff01, 87, 46080, 2395, 43161, 64, 87, 61, P0
2023/02/25 12:05:25.043, 0, GPU-f5866ded-ec74-64cb-a87c-affb24baff01, 88, 46080, 2395, 43161, 65, 88, 61, P0
2023/02/25 12:05:30.057, 0, GPU-f5866ded-ec74-64cb-a87c-affb24baff01, 90, 46080, 2395, 43161, 65, 90, 60, P0
2023/02/25 12:05:35.071, 0, GPU-f5866ded-ec74-64cb-a87c-affb24baff01, 91, 46080, 2395, 43161, 67, 91, 61, P0
2023/02/25 12:05:40.085, 0, GPU-f5866ded-ec74-64cb-a87c-affb24baff01, 90, 46080, 2395, 43161, 66, 90, 62, P0
2023/02/25 12:05:45.099, 0, GPU-f5866ded-ec74-64cb-a87c-affb24baff01, 88, 46080, 2395, 43161, 66, 88, 61, P0
2023/02/25 12:05:50.113, 0, GPU-f5866ded-ec74-64cb-a87c-affb24baff01, 94, 46080, 2395, 43161, 70, 94, 61, P0
2023/02/25 12:05:55.127, 0, GPU-f5866ded-ec74-64cb-a87c-affb24baff01, 87, 46080, 2395, 43161, 63, 87, 62, P0
2023/02/25 12:06:00.140, 0, GPU-f5866ded-ec74-64cb-a87c-affb24baff01, 87, 46080, 2395, 43161, 65, 87, 62, P0
2023/02/25 12:06:05.154, 0, GPU-f5866ded-ec74-64cb-a87c-affb24baff01, 91, 46080, 2395, 43161, 67, 91, 61, P0
2023/02/25 12:06:10.168, 0, GPU-f5866ded-ec74-64cb-a87c-affb24baff01, 87, 46080, 2395, 43161, 65, 87, 62, P0
2023/02/25 12:06:15.182, 0, GPU-f5866ded-ec74-64cb-a87c-affb24baff01, 88, 46080, 2395, 43161, 66, 88, 62, P0
2023/02/25 12:06:20.196, 0, GPU-f5866ded-ec74-64cb-a87c-affb24baff01, 87, 46080, 2395, 43161, 65, 87, 60, P0
2023/02/25 12:06:25.210, 0, GPU-f5866ded-ec74-64cb-a87c-affb24baff01, 92, 46080, 2395, 43161, 69, 92, 61, P0
2023/02/25 12:06:30.224, 0, GPU-f5866ded-ec74-64cb-a87c-affb24baff01, 88, 46080, 2395, 43161, 64, 88, 62, P0
2023/02/25 12:06:35.237, 0, GPU-f5866ded-ec74-64cb-a87c-affb24baff01, 93, 46080, 2395, 43161, 70, 93, 61, P0
2023/02/25 12:06:40.251, 0, GPU-f5866ded-ec74-64cb-a87c-affb24baff01, 87, 46080, 2395, 43161, 64, 87, 62, P0
2023/02/25 12:06:45.266, 0, GPU-f5866ded-ec74-64cb-a87c-affb24baff01, 87, 46080, 2395, 43161, 64, 87, 61, P0
2023/02/25 12:06:50.279, 0, GPU-f5866ded-ec74-64cb-a87c-affb24baff01, 91, 46080, 2395, 43161, 69, 91, 62, P0
2023/02/25 12:06:55.294, 0, GPU-f5866ded-ec74-64cb-a87c-affb24baff01, 90, 46080, 2395, 43161, 66, 90, 61, P0
2023/02/25 12:07:00.308, 0, GPU-f5866ded-ec74-64cb-a87c-affb24baff01, 91, 46080, 2395, 43161, 67, 91, 62, P0
2023/02/25 12:07:05.321, 0, GPU-f5866ded-ec74-64cb-a87c-affb24baff01, 88, 46080, 2395, 43161, 66, 88, 61, P0
2023/02/25 12:07:10.335, 0, GPU-f5866ded-ec74-64cb-a87c-affb24baff01, 89, 46080, 2395, 43161, 66, 89, 62, P0
2023/02/25 12:07:15.351, 0, GPU-f5866ded-ec74-64cb-a87c-affb24baff01, 93, 46080, 2395, 43161, 70, 93, 60, P0
2023/02/25 12:07:20.366, 0, GPU-f5866ded-ec74-64cb-a87c-affb24baff01, 89, 46080, 2395, 43161, 67, 89, 62, P0
2023/02/25 12:07:25.394, 0, GPU-f5866ded-ec74-64cb-a87c-affb24baff01, 88, 46080, 2395, 43161, 65, 88, 61, P0
2023/02/25 12:07:30.409, 0, GPU-f5866ded-ec74-64cb-a87c-affb24baff01, 88, 46080, 2395, 43161, 65, 88, 62, P0
2023/02/25 12:07:35.424, 0, GPU-f5866ded-ec74-64cb-a87c-affb24baff01, 84, 46080, 2395, 43161, 62, 84, 61, P0
2023/02/25 12:07:40.439, 0, GPU-f5866ded-ec74-64cb-a87c-affb24baff01, 92, 46080, 2395, 43161, 69, 92, 62, P0
2023/02/25 12:07:45.454, 0, GPU-f5866ded-ec74-64cb-a87c-affb24baff01, 88, 46080, 2395, 43161, 64, 88, 62, P0
2023/02/25 12:07:50.467, 0, GPU-f5866ded-ec74-64cb-a87c-affb24baff01, 94, 46080, 2395, 43161, 70, 94, 61, P0
2023/02/25 12:07:55.481, 0, GPU-f5866ded-ec74-64cb-a87c-affb24baff01, 86, 46080, 2395, 43161, 63, 86, 62, P0
2023/02/25 12:08:00.495, 0, GPU-f5866ded-ec74-64cb-a87c-affb24baff01, 95, 46080, 2395, 43161, 70, 95, 62, P0
2023/02/25 12:08:05.509, 0, GPU-f5866ded-ec74-64cb-a87c-affb24baff01, 87, 46080, 2395, 43161, 65, 87, 61, P0
2023/02/25 12:08:10.523, 0, GPU-f5866ded-ec74-64cb-a87c-affb24baff01, 88, 46080, 2395, 43161, 65, 88, 62, P0
2023/02/25 12:08:15.536, 0, GPU-f5866ded-ec74-64cb-a87c-affb24baff01, 91, 46080, 2395, 43161, 67, 91, 61, P0
2023/02/25 12:08:20.551, 0, GPU-f5866ded-ec74-64cb-a87c-affb24baff01, 92, 46080, 2395, 43161, 69, 92, 61, P0
2023/02/25 12:08:25.565, 0, GPU-f5866ded-ec74-64cb-a87c-affb24baff01, 89, 46080, 2395, 43161, 66, 89, 61, P0
2023/02/25 12:08:30.578, 0, GPU-f5866ded-ec74-64cb-a87c-affb24baff01, 88, 46080, 2395, 43161, 65, 88, 61, P0
2023/02/25 12:08:35.592, 0, GPU-f5866ded-ec74-64cb-a87c-affb24baff01, 88, 46080, 2395, 43161, 65, 88, 62, P0
2023/02/25 12:08:40.606, 0, GPU-f5866ded-ec74-64cb-a87c-affb24baff01, 86, 46080, 2395, 43161, 63, 86, 61, P0
2023/02/25 12:08:45.621, 0, GPU-f5866ded-ec74-64cb-a87c-affb24baff01, 86, 46080, 2395, 43161, 64, 86, 61, P0
2023/02/25 12:08:50.634, 0, GPU-f5866ded-ec74-64cb-a87c-affb24baff01, 90, 46080, 2395, 43161, 67, 90, 61, P0
2023/02/25 12:08:55.649, 0, GPU-f5866ded-ec74-64cb-a87c-affb24baff01, 92, 46080, 2395, 43161, 70, 92, 61, P0
2023/02/25 12:09:00.663, 0, GPU-f5866ded-ec74-64cb-a87c-affb24baff01, 88, 46080, 2395, 43161, 64, 88, 61, P0
2023/02/25 12:09:05.678, 0, GPU-f5866ded-ec74-64cb-a87c-affb24baff01, 87, 46080, 2395, 43161, 65, 87, 61, P0
2023/02/25 12:09:10.692, 0, GPU-f5866ded-ec74-64cb-a87c-affb24baff01, 93, 46080, 2395, 43161, 70, 93, 60, P0
2023/02/25 12:09:15.706, 0, GPU-f5866ded-ec74-64cb-a87c-affb24baff01, 86, 46080, 2395, 43161, 63, 86, 61, P0
2023/02/25 12:09:20.720, 0, GPU-f5866ded-ec74-64cb-a87c-affb24baff01, 86, 46080, 2395, 43161, 64, 86, 62, P0
2023/02/25 12:09:25.734, 0, GPU-f5866ded-ec74-64cb-a87c-affb24baff01, 88, 46080, 2395, 43161, 65, 88, 62, P0
2023/02/25 12:09:30.748, 0, GPU-f5866ded-ec74-64cb-a87c-affb24baff01, 88, 46080, 2395, 43161, 65, 88, 61, P0
2023/02/25 12:09:35.763, 0, GPU-f5866ded-ec74-64cb-a87c-affb24baff01, 87, 46080, 2395, 43161, 65, 87, 61, P0
2023/02/25 12:09:40.777, 0, GPU-f5866ded-ec74-64cb-a87c-affb24baff01, 87, 46080, 2395, 43161, 65, 87, 61, P0
2023/02/25 12:09:45.791, 0, GPU-f5866ded-ec74-64cb-a87c-affb24baff01, 87, 46080, 2395, 43161, 64, 87, 61, P0
2023/02/25 12:09:50.805, 0, GPU-f5866ded-ec74-64cb-a87c-affb24baff01, 88, 46080, 2395, 43161, 67, 88, 62, P0
2023/02/25 12:09:55.820, 0, GPU-f5866ded-ec74-64cb-a87c-affb24baff01, 87, 46080, 2395, 43161, 63, 87, 60, P0
2023/02/25 12:10:00.834, 0, GPU-f5866ded-ec74-64cb-a87c-affb24baff01, 87, 46080, 2395, 43161, 65, 87, 62, P0
2023/02/25 12:10:05.847, 0, GPU-f5866ded-ec74-64cb-a87c-affb24baff01, 88, 46080, 2395, 43161, 65, 88, 60, P0
2023/02/25 12:10:10.861, 0, GPU-f5866ded-ec74-64cb-a87c-affb24baff01, 0, 46080, 2395, 43161, 0, 0, 56, P0
2023/02/25 12:10:15.875, 0, GPU-f5866ded-ec74-64cb-a87c-affb24baff01, 91, 46080, 2395, 43161, 68, 91, 60, P0
2023/02/25 12:10:20.889, 0, GPU-f5866ded-ec74-64cb-a87c-affb24baff01, 85, 46080, 2395, 43161, 63, 85, 60, P0
2023/02/25 12:10:25.903, 0, GPU-f5866ded-ec74-64cb-a87c-affb24baff01, 86, 46080, 2395, 43161, 63, 86, 60, P0
2023/02/25 12:10:30.917, 0, GPU-f5866ded-ec74-64cb-a87c-affb24baff01, 90, 46080, 2395, 43161, 67, 90, 60, P0
2023/02/25 12:10:35.931, 0, GPU-f5866ded-ec74-64cb-a87c-affb24baff01, 90, 46080, 2395, 43161, 67, 90, 61, P0
2023/02/25 12:10:40.944, 0, GPU-f5866ded-ec74-64cb-a87c-affb24baff01, 88, 46080, 2395, 43161, 64, 88, 60, P0
2023/02/25 12:10:45.958, 0, GPU-f5866ded-ec74-64cb-a87c-affb24baff01, 90, 46080, 2395, 43161, 68, 90, 61, P0
2023/02/25 12:10:50.972, 0, GPU-f5866ded-ec74-64cb-a87c-affb24baff01, 87, 46080, 2395, 43161, 65, 87, 60, P0
2023/02/25 12:10:55.985, 0, GPU-f5866ded-ec74-64cb-a87c-affb24baff01, 92, 46080, 2395, 43161, 69, 92, 61, P0
2023/02/25 12:11:01.000, 0, GPU-f5866ded-ec74-64cb-a87c-affb24baff01, 90, 46080, 2395, 43161, 68, 90, 60, P0
2023/02/25 12:11:06.014, 0, GPU-f5866ded-ec74-64cb-a87c-affb24baff01, 89, 46080, 2395, 43161, 65, 89, 61, P0
2023/02/25 12:11:11.028, 0, GPU-f5866ded-ec74-64cb-a87c-affb24baff01, 89, 46080, 2395, 43161, 66, 89, 61, P0
2023/02/25 12:11:16.041, 0, GPU-f5866ded-ec74-64cb-a87c-affb24baff01, 87, 46080, 2395, 43161, 65, 87, 60, P0
2023/02/25 12:11:21.055, 0, GPU-f5866ded-ec74-64cb-a87c-affb24baff01, 89, 46080, 2395, 43161, 66, 89, 61, P0
2023/02/25 12:11:26.069, 0, GPU-f5866ded-ec74-64cb-a87c-affb24baff01, 86, 46080, 2395, 43161, 63, 86, 61, P0
2023/02/25 12:11:31.083, 0, GPU-f5866ded-ec74-64cb-a87c-affb24baff01, 86, 46080, 2395, 43161, 63, 86, 61, P0
2023/02/25 12:11:36.097, 0, GPU-f5866ded-ec74-64cb-a87c-affb24baff01, 85, 46080, 2395, 43161, 62, 85, 61, P0
2023/02/25 12:11:41.111, 0, GPU-f5866ded-ec74-64cb-a87c-affb24baff01, 87, 46080, 2395, 43161, 66, 87, 60, P0
2023/02/25 12:11:46.126, 0, GPU-f5866ded-ec74-64cb-a87c-affb24baff01, 91, 46080, 2395, 43161, 67, 91, 61, P0
2023/02/25 12:11:51.140, 0, GPU-f5866ded-ec74-64cb-a87c-affb24baff01, 91, 46080, 2395, 43161, 67, 91, 61, P0
2023/02/25 12:11:56.154, 0, GPU-f5866ded-ec74-64cb-a87c-affb24baff01, 88, 46080, 2395, 43161, 67, 88, 61, P0
2023/02/25 12:12:01.167, 0, GPU-f5866ded-ec74-64cb-a87c-affb24baff01, 86, 46080, 2395, 43161, 63, 86, 60, P0
2023/02/25 12:12:06.181, 0, GPU-f5866ded-ec74-64cb-a87c-affb24baff01, 91, 46080, 2395, 43161, 67, 91, 61, P0
2023/02/25 12:12:11.196, 0, GPU-f5866ded-ec74-64cb-a87c-affb24baff01, 89, 46080, 2395, 43161, 67, 89, 61, P0
2023/02/25 12:12:16.210, 0, GPU-f5866ded-ec74-64cb-a87c-affb24baff01, 88, 46080, 2395, 43161, 65, 88, 61, P0
2023/02/25 12:12:21.224, 0, GPU-f5866ded-ec74-64cb-a87c-affb24baff01, 90, 46080, 2395, 43161, 66, 90, 61, P0
2023/02/25 12:12:26.237, 0, GPU-f5866ded-ec74-64cb-a87c-affb24baff01, 93, 46080, 2395, 43161, 70, 93, 61, P0
2023/02/25 12:12:31.251, 0, GPU-f5866ded-ec74-64cb-a87c-affb24baff01, 89, 46080, 2395, 43161, 66, 89, 61, P0
2023/02/25 12:12:36.265, 0, GPU-f5866ded-ec74-64cb-a87c-affb24baff01, 89, 46080, 2395, 43161, 66, 89, 61, P0
2023/02/25 12:12:41.279, 0, GPU-f5866ded-ec74-64cb-a87c-affb24baff01, 90, 46080, 2395, 43161, 66, 90, 61, P0
2023/02/25 12:12:46.293, 0, GPU-f5866ded-ec74-64cb-a87c-affb24baff01, 89, 46080, 2395, 43161, 66, 89, 61, P0
2023/02/25 12:12:51.307, 0, GPU-f5866ded-ec74-64cb-a87c-affb24baff01, 90, 46080, 2395, 43161, 68, 90, 61, P0
2023/02/25 12:12:56.321, 0, GPU-f5866ded-ec74-64cb-a87c-affb24baff01, 88, 46080, 2395, 43161, 65, 88, 60, P0
2023/02/25 12:13:01.335, 0, GPU-f5866ded-ec74-64cb-a87c-affb24baff01, 89, 46080, 2395, 43161, 65, 89, 61, P0
2023/02/25 12:13:06.350, 0, GPU-f5866ded-ec74-64cb-a87c-affb24baff01, 89, 46080, 2395, 43161, 67, 89, 61, P0
2023/02/25 12:13:11.365, 0, GPU-f5866ded-ec74-64cb-a87c-affb24baff01, 87, 46080, 2395, 43161, 64, 87, 61, P0
2023/02/25 12:13:16.379, 0, GPU-f5866ded-ec74-64cb-a87c-affb24baff01, 90, 46080, 2395, 43161, 66, 90, 60, P0
2023/02/25 12:13:21.393, 0, GPU-f5866ded-ec74-64cb-a87c-affb24baff01, 92, 46080, 2395, 43161, 69, 92, 61, P0
2023/02/25 12:13:26.408, 0, GPU-f5866ded-ec74-64cb-a87c-affb24baff01, 88, 46080, 2395, 43161, 66, 88, 61, P0
2023/02/25 12:13:31.421, 0, GPU-f5866ded-ec74-64cb-a87c-affb24baff01, 88, 46080, 2395, 43161, 65, 88, 61, P0
2023/02/25 12:13:36.435, 0, GPU-f5866ded-ec74-64cb-a87c-affb24baff01, 86, 46080, 2395, 43161, 64, 86, 60, P0
2023/02/25 12:13:41.449, 0, GPU-f5866ded-ec74-64cb-a87c-affb24baff01, 90, 46080, 2395, 43161, 65, 90, 61, P0
2023/02/25 12:13:46.463, 0, GPU-f5866ded-ec74-64cb-a87c-affb24baff01, 92, 46080, 2395, 43161, 70, 92, 61, P0
2023/02/25 12:13:51.478, 0, GPU-f5866ded-ec74-64cb-a87c-affb24baff01, 89, 46080, 2395, 43161, 66, 89, 61, P0
2023/02/25 12:13:56.491, 0, GPU-f5866ded-ec74-64cb-a87c-affb24baff01, 89, 46080, 2395, 43161, 65, 89, 61, P0
2023/02/25 12:14:01.504, 0, GPU-f5866ded-ec74-64cb-a87c-affb24baff01, 93, 46080, 2395, 43161, 70, 93, 61, P0
2023/02/25 12:14:06.518, 0, GPU-f5866ded-ec74-64cb-a87c-affb24baff01, 87, 46080, 2395, 43161, 65, 87, 61, P0
2023/02/25 12:14:11.533, 0, GPU-f5866ded-ec74-64cb-a87c-affb24baff01, 89, 46080, 2395, 43161, 65, 89, 61, P0
2023/02/25 12:14:16.546, 0, GPU-f5866ded-ec74-64cb-a87c-affb24baff01, 91, 46080, 2395, 43161, 68, 91, 61, P0
2023/02/25 12:14:21.560, 0, GPU-f5866ded-ec74-64cb-a87c-affb24baff01, 88, 46080, 2395, 43161, 65, 88, 61, P0
2023/02/25 12:14:26.574, 0, GPU-f5866ded-ec74-64cb-a87c-affb24baff01, 88, 46080, 2395, 43161, 64, 88, 61, P0
2023/02/25 12:14:31.589, 0, GPU-f5866ded-ec74-64cb-a87c-affb24baff01, 91, 46080, 2395, 43161, 67, 91, 61, P0
2023/02/25 12:14:36.603, 0, GPU-f5866ded-ec74-64cb-a87c-affb24baff01, 87, 46080, 2395, 43161, 64, 87, 60, P0
2023/02/25 12:14:41.617, 0, GPU-f5866ded-ec74-64cb-a87c-affb24baff01, 90, 46080, 2395, 43161, 68, 90, 61, P0
2023/02/25 12:14:46.631, 0, GPU-f5866ded-ec74-64cb-a87c-affb24baff01, 90, 46080, 2395, 43161, 66, 90, 61, P0
2023/02/25 12:14:51.645, 0, GPU-f5866ded-ec74-64cb-a87c-affb24baff01, 90, 46080, 2395, 43161, 66, 90, 61, P0
2023/02/25 12:14:56.659, 0, GPU-f5866ded-ec74-64cb-a87c-affb24baff01, 92, 46080, 2395, 43161, 70, 92, 61, P0
2023/02/25 12:15:01.672, 0, GPU-f5866ded-ec74-64cb-a87c-affb24baff01, 89, 46080, 2395, 43161, 66, 89, 61, P0
2023/02/25 12:15:06.686, 0, GPU-f5866ded-ec74-64cb-a87c-affb24baff01, 87, 46080, 2395, 43161, 64, 87, 61, P0
2023/02/25 12:15:11.700, 0, GPU-f5866ded-ec74-64cb-a87c-affb24baff01, 88, 46080, 2395, 43161, 67, 88, 61, P0
2023/02/25 12:15:16.714, 0, GPU-f5866ded-ec74-64cb-a87c-affb24baff01, 89, 46080, 2395, 43161, 66, 89, 61, P0
2023/02/25 12:15:21.729, 0, GPU-f5866ded-ec74-64cb-a87c-affb24baff01, 89, 46080, 2395, 43161, 66, 89, 61, P0
2023/02/25 12:15:26.743, 0, GPU-f5866ded-ec74-64cb-a87c-affb24baff01, 89, 46080, 2395, 43161, 66, 89, 61, P0
2023/02/25 12:15:31.756, 0, GPU-f5866ded-ec74-64cb-a87c-affb24baff01, 91, 46080, 2395, 43161, 67, 91, 61, P0
2023/02/25 12:15:36.770, 0, GPU-f5866ded-ec74-64cb-a87c-affb24baff01, 93, 46080, 2395, 43161, 70, 93, 61, P0
2023/02/25 12:15:41.785, 0, GPU-f5866ded-ec74-64cb-a87c-affb24baff01, 89, 46080, 2395, 43161, 66, 89, 61, P0
2023/02/25 12:15:46.798, 0, GPU-f5866ded-ec74-64cb-a87c-affb24baff01, 87, 46080, 2395, 43161, 63, 87, 61, P0
2023/02/25 12:15:51.812, 0, GPU-f5866ded-ec74-64cb-a87c-affb24baff01, 89, 46080, 2395, 43161, 66, 89, 61, P0
2023/02/25 12:15:56.827, 0, GPU-f5866ded-ec74-64cb-a87c-affb24baff01, 90, 46080, 2395, 43161, 68, 90, 62, P0
2023/02/25 12:16:01.841, 0, GPU-f5866ded-ec74-64cb-a87c-affb24baff01, 86, 46080, 2395, 43161, 64, 86, 60, P0
2023/02/25 12:16:06.856, 0, GPU-f5866ded-ec74-64cb-a87c-affb24baff01, 93, 46080, 2395, 43161, 70, 93, 62, P0
2023/02/25 12:16:11.870, 0, GPU-f5866ded-ec74-64cb-a87c-affb24baff01, 87, 46080, 2395, 43161, 65, 87, 61, P0
2023/02/25 12:16:16.884, 0, GPU-f5866ded-ec74-64cb-a87c-affb24baff01, 89, 46080, 2395, 43161, 66, 89, 61, P0
2023/02/25 12:16:21.898, 0, GPU-f5866ded-ec74-64cb-a87c-affb24baff01, 90, 46080, 2395, 43161, 68, 90, 61, P0
2023/02/25 12:16:26.913, 0, GPU-f5866ded-ec74-64cb-a87c-affb24baff01, 90, 46080, 2395, 43161, 66, 90, 61, P0
2023/02/25 12:16:31.928, 0, GPU-f5866ded-ec74-64cb-a87c-affb24baff01, 87, 46080, 2395, 43161, 64, 87, 62, P0
2023/02/25 12:16:36.942, 0, GPU-f5866ded-ec74-64cb-a87c-affb24baff01, 89, 46080, 2395, 43161, 66, 89, 61, P0
2023/02/25 12:16:41.956, 0, GPU-f5866ded-ec74-64cb-a87c-affb24baff01, 89, 46080, 2395, 43161, 65, 89, 62, P0
2023/02/25 12:16:46.970, 0, GPU-f5866ded-ec74-64cb-a87c-affb24baff01, 91, 46080, 2395, 43161, 69, 91, 61, P0
2023/02/25 12:16:51.984, 0, GPU-f5866ded-ec74-64cb-a87c-affb24baff01, 89, 46080, 2395, 43161, 66, 89, 62, P0
2023/02/25 12:16:56.998, 0, GPU-f5866ded-ec74-64cb-a87c-affb24baff01, 87, 46080, 2395, 43161, 67, 87, 61, P0
2023/02/25 12:17:02.012, 0, GPU-f5866ded-ec74-64cb-a87c-affb24baff01, 88, 46080, 2395, 43161, 65, 88, 62, P0
2023/02/25 12:17:07.026, 0, GPU-f5866ded-ec74-64cb-a87c-affb24baff01, 89, 46080, 2395, 43161, 65, 89, 61, P0
2023/02/25 12:17:12.040, 0, GPU-f5866ded-ec74-64cb-a87c-affb24baff01, 87, 46080, 2395, 43161, 65, 87, 62, P0
2023/02/25 12:17:17.055, 0, GPU-f5866ded-ec74-64cb-a87c-affb24baff01, 91, 46080, 2395, 43161, 68, 91, 60, P0
2023/02/25 12:17:22.068, 0, GPU-f5866ded-ec74-64cb-a87c-affb24baff01, 87, 46080, 2395, 43161, 65, 87, 61, P0
2023/02/25 12:17:27.083, 0, GPU-f5866ded-ec74-64cb-a87c-affb24baff01, 90, 46080, 2395, 43161, 67, 90, 61, P0
2023/02/25 12:17:32.097, 0, GPU-f5866ded-ec74-64cb-a87c-affb24baff01, 90, 46080, 2395, 43161, 66, 90, 62, P0
2023/02/25 12:17:37.112, 0, GPU-f5866ded-ec74-64cb-a87c-affb24baff01, 86, 46080, 2395, 43161, 65, 86, 62, P0
2023/02/25 12:17:42.126, 0, GPU-f5866ded-ec74-64cb-a87c-affb24baff01, 86, 46080, 2395, 43161, 64, 86, 62, P0
2023/02/25 12:17:47.141, 0, GPU-f5866ded-ec74-64cb-a87c-affb24baff01, 89, 46080, 2395, 43161, 66, 89, 61, P0
2023/02/25 12:17:52.155, 0, GPU-f5866ded-ec74-64cb-a87c-affb24baff01, 89, 46080, 2395, 43161, 66, 89, 62, P0
2023/02/25 12:17:57.170, 0, GPU-f5866ded-ec74-64cb-a87c-affb24baff01, 88, 46080, 2395, 43161, 66, 88, 61, P0
2023/02/25 12:18:02.184, 0, GPU-f5866ded-ec74-64cb-a87c-affb24baff01, 88, 46080, 2395, 43161, 65, 88, 62, P0
2023/02/25 12:18:07.198, 0, GPU-f5866ded-ec74-64cb-a87c-affb24baff01, 89, 46080, 2395, 43161, 67, 89, 61, P0
2023/02/25 12:18:12.212, 0, GPU-f5866ded-ec74-64cb-a87c-affb24baff01, 88, 46080, 2395, 43161, 65, 88, 62, P0
2023/02/25 12:18:17.226, 0, GPU-f5866ded-ec74-64cb-a87c-affb24baff01, 88, 46080, 2395, 43161, 64, 88, 62, P0
2023/02/25 12:18:22.240, 0, GPU-f5866ded-ec74-64cb-a87c-affb24baff01, 90, 46080, 2395, 43161, 67, 90, 62, P0
2023/02/25 12:18:27.254, 0, GPU-f5866ded-ec74-64cb-a87c-affb24baff01, 90, 46080, 2395, 43161, 67, 90, 62, P0
2023/02/25 12:18:32.267, 0, GPU-f5866ded-ec74-64cb-a87c-affb24baff01, 88, 46080, 2395, 43161, 65, 88, 61, P0
2023/02/25 12:18:37.282, 0, GPU-f5866ded-ec74-64cb-a87c-affb24baff01, 88, 46080, 2395, 43161, 63, 88, 62, P0
2023/02/25 12:18:42.295, 0, GPU-f5866ded-ec74-64cb-a87c-affb24baff01, 89, 46080, 2395, 43161, 68, 89, 62, P0
2023/02/25 12:18:47.309, 0, GPU-f5866ded-ec74-64cb-a87c-affb24baff01, 90, 46080, 2395, 43161, 67, 90, 62, P0
2023/02/25 12:18:52.324, 0, GPU-f5866ded-ec74-64cb-a87c-affb24baff01, 90, 46080, 2395, 43161, 66, 90, 62, P0
2023/02/25 12:18:57.338, 0, GPU-f5866ded-ec74-64cb-a87c-affb24baff01, 89, 46080, 2395, 43161, 66, 89, 62, P0
2023/02/25 12:19:02.352, 0, GPU-f5866ded-ec74-64cb-a87c-affb24baff01, 87, 46080, 2395, 43161, 64, 87, 61, P0
2023/02/25 12:19:07.366, 0, GPU-f5866ded-ec74-64cb-a87c-affb24baff01, 94, 46080, 2395, 43161, 70, 94, 62, P0
2023/02/25 12:19:12.379, 0, GPU-f5866ded-ec74-64cb-a87c-affb24baff01, 89, 46080, 2395, 43161, 66, 89, 62, P0
2023/02/25 12:19:17.394, 0, GPU-f5866ded-ec74-64cb-a87c-affb24baff01, 89, 46080, 2395, 43161, 65, 89, 62, P0
2023/02/25 12:19:22.408, 0, GPU-f5866ded-ec74-64cb-a87c-affb24baff01, 89, 46080, 2395, 43161, 67, 89, 62, P0
2023/02/25 12:19:27.422, 0, GPU-f5866ded-ec74-64cb-a87c-affb24baff01, 88, 46080, 2395, 43161, 67, 88, 61, P0
2023/02/25 12:19:32.437, 0, GPU-f5866ded-ec74-64cb-a87c-affb24baff01, 89, 46080, 2395, 43161, 66, 89, 62, P0
2023/02/25 12:19:37.451, 0, GPU-f5866ded-ec74-64cb-a87c-affb24baff01, 89, 46080, 2395, 43161, 65, 89, 62, P0
2023/02/25 12:19:42.466, 0, GPU-f5866ded-ec74-64cb-a87c-affb24baff01, 94, 46080, 2395, 43161, 70, 94, 62, P0
2023/02/25 12:19:47.479, 0, GPU-f5866ded-ec74-64cb-a87c-affb24baff01, 89, 46080, 2395, 43161, 66, 89, 62, P0
2023/02/25 12:19:52.493, 0, GPU-f5866ded-ec74-64cb-a87c-affb24baff01, 89, 46080, 2395, 43161, 66, 89, 61, P0
2023/02/25 12:19:57.507, 0, GPU-f5866ded-ec74-64cb-a87c-affb24baff01, 89, 46080, 2395, 43161, 65, 89, 62, P0
2023/02/25 12:20:02.522, 0, GPU-f5866ded-ec74-64cb-a87c-affb24baff01, 90, 46080, 2395, 43161, 67, 90, 62, P0
2023/02/25 12:20:07.536, 0, GPU-f5866ded-ec74-64cb-a87c-affb24baff01, 91, 46080, 2395, 43161, 68, 91, 61, P0
2023/02/25 12:20:12.550, 0, GPU-f5866ded-ec74-64cb-a87c-affb24baff01, 88, 46080, 2395, 43161, 64, 88, 62, P0
2023/02/25 12:20:17.564, 0, GPU-f5866ded-ec74-64cb-a87c-affb24baff01, 90, 46080, 2395, 43161, 68, 90, 62, P0
2023/02/25 12:20:22.578, 0, GPU-f5866ded-ec74-64cb-a87c-affb24baff01, 91, 46080, 2395, 43161, 67, 91, 62, P0
2023/02/25 12:20:27.593, 0, GPU-f5866ded-ec74-64cb-a87c-affb24baff01, 93, 46080, 2395, 43161, 70, 93, 62, P0
2023/02/25 12:20:32.607, 0, GPU-f5866ded-ec74-64cb-a87c-affb24baff01, 90, 46080, 2395, 43161, 67, 90, 61, P0
2023/02/25 12:20:37.621, 0, GPU-f5866ded-ec74-64cb-a87c-affb24baff01, 85, 46080, 2395, 43161, 61, 85, 62, P0
2023/02/25 12:20:42.636, 0, GPU-f5866ded-ec74-64cb-a87c-affb24baff01, 92, 46080, 2395, 43161, 69, 92, 61, P0
2023/02/25 12:20:47.649, 0, GPU-f5866ded-ec74-64cb-a87c-affb24baff01, 89, 46080, 2395, 43161, 66, 89, 62, P0
2023/02/25 12:20:52.664, 0, GPU-f5866ded-ec74-64cb-a87c-affb24baff01, 89, 46080, 2395, 43161, 65, 89, 62, P0
2023/02/25 12:20:57.678, 0, GPU-f5866ded-ec74-64cb-a87c-affb24baff01, 89, 46080, 2395, 43161, 65, 89, 61, P0
2023/02/25 12:21:02.692, 0, GPU-f5866ded-ec74-64cb-a87c-affb24baff01, 89, 46080, 2395, 43161, 66, 89, 62, P0
2023/02/25 12:21:07.706, 0, GPU-f5866ded-ec74-64cb-a87c-affb24baff01, 89, 46080, 2395, 43161, 66, 89, 60, P0
2023/02/25 12:21:12.720, 0, GPU-f5866ded-ec74-64cb-a87c-affb24baff01, 90, 46080, 2395, 43161, 66, 90, 62, P0
2023/02/25 12:21:17.734, 0, GPU-f5866ded-ec74-64cb-a87c-affb24baff01, 89, 46080, 2395, 43161, 66, 89, 58, P0
2023/02/25 12:21:22.749, 0, GPU-f5866ded-ec74-64cb-a87c-affb24baff01, 87, 46080, 2395, 43161, 64, 87, 59, P0
2023/02/25 12:21:27.764, 0, GPU-f5866ded-ec74-64cb-a87c-affb24baff01, 90, 46080, 2395, 43161, 67, 90, 60, P0
2023/02/25 12:21:32.778, 0, GPU-f5866ded-ec74-64cb-a87c-affb24baff01, 86, 46080, 2395, 43161, 62, 86, 60, P0
2023/02/25 12:21:37.792, 0, GPU-f5866ded-ec74-64cb-a87c-affb24baff01, 86, 46080, 2395, 43161, 64, 86, 61, P0
2023/02/25 12:21:42.807, 0, GPU-f5866ded-ec74-64cb-a87c-affb24baff01, 88, 46080, 2395, 43161, 65, 88, 61, P0
2023/02/25 12:21:47.821, 0, GPU-f5866ded-ec74-64cb-a87c-affb24baff01, 89, 46080, 2395, 43161, 66, 89, 60, P0
2023/02/25 12:21:52.836, 0, GPU-f5866ded-ec74-64cb-a87c-affb24baff01, 92, 46080, 2395, 43161, 69, 92, 61, P0
2023/02/25 12:21:57.850, 0, GPU-f5866ded-ec74-64cb-a87c-affb24baff01, 88, 46080, 2395, 43161, 64, 88, 61, P0
2023/02/25 12:22:02.864, 0, GPU-f5866ded-ec74-64cb-a87c-affb24baff01, 89, 46080, 2395, 43161, 66, 89, 60, P0
2023/02/25 12:22:07.878, 0, GPU-f5866ded-ec74-64cb-a87c-affb24baff01, 88, 46080, 2395, 43161, 64, 88, 61, P0
2023/02/25 12:22:12.892, 0, GPU-f5866ded-ec74-64cb-a87c-affb24baff01, 92, 46080, 2395, 43161, 69, 92, 60, P0
2023/02/25 12:22:17.907, 0, GPU-f5866ded-ec74-64cb-a87c-affb24baff01, 0, 46080, 2395, 43161, 0, 0, 56, P0
2023/02/25 12:22:22.921, 0, GPU-f5866ded-ec74-64cb-a87c-affb24baff01, 85, 46080, 2395, 43161, 64, 85, 60, P0
2023/02/25 12:22:27.935, 0, GPU-f5866ded-ec74-64cb-a87c-affb24baff01, 89, 46080, 2395, 43161, 68, 89, 60, P0
2023/02/25 12:22:32.949, 0, GPU-f5866ded-ec74-64cb-a87c-affb24baff01, 87, 46080, 2395, 43161, 64, 87, 61, P0
2023/02/25 12:22:37.964, 0, GPU-f5866ded-ec74-64cb-a87c-affb24baff01, 88, 46080, 2395, 43161, 65, 88, 61, P0
2023/02/25 12:22:42.978, 0, GPU-f5866ded-ec74-64cb-a87c-affb24baff01, 94, 46080, 2395, 43161, 70, 94, 61, P0
2023/02/25 12:22:47.993, 0, GPU-f5866ded-ec74-64cb-a87c-affb24baff01, 88, 46080, 2395, 43161, 64, 88, 61, P0
2023/02/25 12:22:53.007, 0, GPU-f5866ded-ec74-64cb-a87c-affb24baff01, 86, 46080, 2395, 43161, 64, 86, 61, P0
2023/02/25 12:22:58.021, 0, GPU-f5866ded-ec74-64cb-a87c-affb24baff01, 86, 46080, 2395, 43161, 66, 86, 61, P0
2023/02/25 12:23:03.035, 0, GPU-f5866ded-ec74-64cb-a87c-affb24baff01, 85, 46080, 2395, 43161, 62, 85, 60, P0
2023/02/25 12:23:08.049, 0, GPU-f5866ded-ec74-64cb-a87c-affb24baff01, 90, 46080, 2395, 43161, 67, 90, 60, P0
2023/02/25 12:23:13.064, 0, GPU-f5866ded-ec74-64cb-a87c-affb24baff01, 90, 46080, 2395, 43161, 68, 90, 61, P0
2023/02/25 12:23:18.078, 0, GPU-f5866ded-ec74-64cb-a87c-affb24baff01, 87, 46080, 2395, 43161, 64, 87, 61, P0
2023/02/25 12:23:23.092, 0, GPU-f5866ded-ec74-64cb-a87c-affb24baff01, 86, 46080, 2395, 43161, 64, 86, 60, P0
2023/02/25 12:23:28.106, 0, GPU-f5866ded-ec74-64cb-a87c-affb24baff01, 90, 46080, 2395, 43161, 67, 90, 61, P0
2023/02/25 12:23:33.120, 0, GPU-f5866ded-ec74-64cb-a87c-affb24baff01, 90, 46080, 2395, 43161, 67, 90, 61, P0
2023/02/25 12:23:38.135, 0, GPU-f5866ded-ec74-64cb-a87c-affb24baff01, 91, 46080, 2395, 43161, 68, 91, 58, P0
2023/02/25 12:23:43.148, 0, GPU-f5866ded-ec74-64cb-a87c-affb24baff01, 85, 46080, 2395, 43161, 63, 85, 60, P0
2023/02/25 12:23:48.162, 0, GPU-f5866ded-ec74-64cb-a87c-affb24baff01, 89, 46080, 2395, 43161, 66, 89, 60, P0
2023/02/25 12:23:53.177, 0, GPU-f5866ded-ec74-64cb-a87c-affb24baff01, 88, 46080, 2395, 43161, 65, 88, 61, P0
2023/02/25 12:23:58.191, 0, GPU-f5866ded-ec74-64cb-a87c-affb24baff01, 87, 46080, 2395, 43161, 64, 87, 60, P0
2023/02/25 12:24:03.205, 0, GPU-f5866ded-ec74-64cb-a87c-affb24baff01, 94, 46080, 2395, 43161, 70, 94, 61, P0
2023/02/25 12:24:08.220, 0, GPU-f5866ded-ec74-64cb-a87c-affb24baff01, 89, 46080, 2395, 43161, 66, 89, 61, P0
2023/02/25 12:24:13.233, 0, GPU-f5866ded-ec74-64cb-a87c-affb24baff01, 88, 46080, 2395, 43161, 65, 88, 61, P0
2023/02/25 12:24:18.247, 0, GPU-f5866ded-ec74-64cb-a87c-affb24baff01, 89, 46080, 2395, 43161, 66, 89, 61, P0
2023/02/25 12:24:23.260, 0, GPU-f5866ded-ec74-64cb-a87c-affb24baff01, 89, 46080, 2395, 43161, 67, 89, 62, P0
2023/02/25 12:24:28.275, 0, GPU-f5866ded-ec74-64cb-a87c-affb24baff01, 0, 46080, 2139, 43417, 0, 0, 55, P0
